ID_BaiThuoc,TenBaiThuoc,ChuTri,NguonGoc
101,Cao ích mẫu (Công thức của QDDP Nghệ An),"Điều kinh, bổ huyết.","Sách ""Những cây thuốc và vị thuốc Việt Nam""."
102,Cao hương ngải (FUNUX/CYPERIN),"Chữa kinh nguyệt không đều, đau bụng kinh, khó sinh nở, khí hư bạch đới.",Đơn của Đỗ Tất Lợi.
103,"Thuốc an thai (Ngải cứu, Tía tô)","Chữa đang có thai bị đau bụng, chảy máu.","Sách ""Những cây thuốc và vị thuốc Việt Nam""."
104,Thuốc chữa vàng da (Bệnh viện Lạng Sơn),"Chữa bệnh vàng da và niêm mạc, nước tiểu có sắc tố mật.",Kinh nghiệm Bệnh viện Lạng Sơn.
105,"Đơn thuốc chữa viêm sưng tai giữa, tắc tia sữa","Chữa bệnh viêm sưng tai giữa, sưng tắc tia sữa.",Kinh nghiệm dùng cây diếp cá.
106,Tiểu bán hạ gia phục linh thang,Chữa phụ nữ có thai bị nôn mửa .,Trương Trọng Cảnh.
107,"Đơn thuốc chữa hen suyễn, nôn","Chữa hen suyễn, nặng mặt, nằm không được, muốn nôn oẹ, bụng dưới nôn nao.",Kinh nghiệm nhân dân.
108,Đơn thuốc điều kinh (Vỏ rễ bông),"Điều kinh, thông kinh.",Kinh nghiệm nhân dân.
109,Đơn thuốc lợi sữa (Hạt bông),Lợi sữa .,Hòa hán dược ứng dụng phương.
110,Bài thuốc chữa kinh nguyệt không đều (Tô mộc),Chữa kinh nguyệt không đều hoặc đẻ xong đau bụng từng cơn.,Kinh nghiệm nhân dân.
111,Thuốc chữa đẻ xong ra huyết nhiều (Tô mộc),Chữa đẻ xong ra huyết nhiều.,Kinh nghiệm nhân dân.
112,Bài tứ vật (tứ vật thang),"Chữa thiếu máu, suy nhược, kinh nguyệt không đều, đẻ xong máu hôi không ngừng .",Kinh nghiệm cổ phương.
113,Đương quy kiện trung thang,"Chữa phụ nữ sau khi đẻ thiếu máu, thuốc bổ huyết.",Trương Trọng Cảnh.
114,Đơn thuốc chữa băng huyết tử cung (Ô rô),"Chữa kinh nguyệt quá nhiều, băng huyết tử cung.",Kinh nghiệm nhân dân.
115,Thược dược cam thảo thang,"Chữa chân và đầu gối đau nhức không co duỗi được, đau bụng.",Trương Trọng Cảnh.
116,Quế chi gia linh truật,"Chữa đầu nhức, mắt hoa.",Trương Trọng Cảnh.
117,Đơn thuốc chữa chảy máu cam (Xích thược),Chữa chảy máu cam.,Kinh nghiệm nhân dân.
118,Đơn thuốc chữa băng huyết bạch đới (Xích thược),"Chữa băng huyết, bạch đới.",Kinh nghiệm nhân dân.
119,Duyên hồ sách thang,"Chữa đau bụng, đau khi hành kinh.",Hòa hán ứng dụng phương (Nhật Bản).
120,"Đơn thuốc chữa sưng vú, tắc tia sữa (BCA VN)","Chữa sưng vú, tắc tia sữa.",Kinh nghiệm dân gian.
121,Đơn thuốc chữa đau dạ dày (BCA VN),Chữa đau dạ dày.,Kinh nghiệm nhân dân.
122,Thuốc KI,"Chữa mụn nhọt, mẩn ngứa, một số trường hợp dị ứng.","Đỗ Tất Lợi, 1960."
123,Ngân kiều tán,"Chữa mụn nhọt, sốt, cảm.",Kinh nghiệm cổ phương.
124,Đơn chữa sang trĩ đau nhức (Con rết),Sang trĩ đau nhức.,Kinh nghiệm nhân dân.
125,Đơn chữa mụn nhọt (Con rết),"Mụn nhọt, chốc đầu, trúng độc cắn sưng.",Kinh nghiệm nhân dân.
126,"Đơn chữa đau nhức, tê thấp (Mã tiên thảo)","Đau nhức, tê thấp.",Kinh nghiệm nhân dân.
127,"Đơn chữa nhức đầu, thiên đầu thống","Chữa nhức đầu, thiên đầu thống.",Kinh nghiệm cổ phương.
128,Đơn thuốc chữa sưng vú (Liên kiều),"Chữa sưng vú, gai bồ kết.",Kinh nghiệm nhân dân.
129,Đơn thuốc chữa tràng nhạc (Liên kiều),Chữa tràng nhạc ở cổ (viêm hạch ở nách).,Kinh nghiệm nhân dân.
130,"Không có đường hay mật, hoặc có ít đường mật;","Không có đường hay mật, hoặc có ít đường mật;",Đỗ Tất Lợi (Trang 31)
131,Không có vị nào có thể,Không có vị nào có thể,Đỗ Tất Lợi (Trang 31)
132,Bệnh đặc biệt,Bệnh đặc biệt,Đỗ Tất Lợi (Trang 33)
133,Bệnh; tuy nhiên có một số chất độn chỉ,Bệnh; tuy nhiên có một số chất độn chỉ,Đỗ Tất Lợi (Trang 33)
134,Bệnh của ông cha ta thì có từ nghìn,Bệnh của ông cha ta thì có từ nghìn,Đỗ Tất Lợi (Trang 34)
135,Dạ đày đau do thừa,Dạ đày đau do thừa,Đỗ Tất Lợi (Trang 34)
136,Bệnh người ta đù,Bệnh người ta đù,Đỗ Tất Lợi (Trang 35)
137,Bệnh cho,Bệnh cho,Đỗ Tất Lợi (Trang 35)
138,5ö trường hợp bệnh,5ö trường hợp bệnh,Đỗ Tất Lợi (Trang 35)
139,Bệnh là,Bệnh là,Đỗ Tất Lợi (Trang 35)
140,Ung thư vú ở chuột,Ung thư vú ở chuột,Đỗ Tất Lợi (Trang 35)
141,"Đau mát, những vết tở, loét, nhưng gần đây","Đau mát, những vết tở, loét, nhưng gần đây",Đỗ Tất Lợi (Trang 35)
142,Suy dinh dưỡng của,Suy dinh dưỡng của,Đỗ Tất Lợi (Trang 36)
143,Khỏi bệnh lùn một cách kỳ lạ nhờ uống,Khỏi bệnh lùn một cách kỳ lạ nhờ uống,Đỗ Tất Lợi (Trang 36)
144,"Bệnh của nó, nhưng","Bệnh của nó, nhưng",Đỗ Tất Lợi (Trang 36)
145,"Bệnh, ta","Bệnh, ta",Đỗ Tất Lợi (Trang 36)
146,"Ho, axit xitric, tactric, có tác dụng","Ho, axit xitric, tactric, có tác dụng",Đỗ Tất Lợi (Trang 37)
147,Đau bụ,Đau bụ,Đỗ Tất Lợi (Trang 38)
148,"Tim có trong vị trúc đào,","Tim có trong vị trúc đào,",Đỗ Tất Lợi (Trang 38)
149,"Ho, long đờm, thô","Ho, long đờm, thô",Đỗ Tất Lợi (Trang 38)
150,"Hắc lào, chống một số bệnh","Hắc lào, chống một số bệnh",Đỗ Tất Lợi (Trang 38)
151,Những trường hợp đau bụ,Những trường hợp đau bụ,Đỗ Tất Lợi (Trang 38)
152,Đô,Đô,Đỗ Tất Lợi (Trang 39)
153,Bệnh độc đáo gì của đô,Bệnh độc đáo gì của đô,Đỗ Tất Lợi (Trang 40)
154,Có thể là những bài thuốc,Có thể là những bài thuốc,Đỗ Tất Lợi (Trang 40)
155,Theo,Theo,Đỗ Tất Lợi (Trang 40)
156,Chỉ căn,Chỉ căn,Đỗ Tất Lợi (Trang 40)
157,"Đông y được tốt, chúng","Đông y được tốt, chúng",Đỗ Tất Lợi (Trang 40)
158,"Kinh nghiệm đã nổi tiếng, ta thấy có","Kinh nghiệm đã nổi tiếng, ta thấy có",Đỗ Tất Lợi (Trang 40)
159,"Đẩy bụng, táo bón, nóng sốt","Đẩy bụng, táo bón, nóng sốt",Đỗ Tất Lợi (Trang 40)
160,Có 6 phần hoạt thạch và 1 phần cam,Có 6 phần hoạt thạch và 1 phần cam,Đỗ Tất Lợi (Trang 40)
161,"Thường chỉ dùng 4 hay š vị, đặc biệt","Thường chỉ dùng 4 hay š vị, đặc biệt",Đỗ Tất Lợi (Trang 40)
162,"Đông y, nhất","Đông y, nhất",Đỗ Tất Lợi (Trang 40)
163,Đồng,Đồng,Đỗ Tất Lợi (Trang 41)
164,Cũ,Cũ,Đỗ Tất Lợi (Trang 41)
165,"Bệnh, nhằm","Bệnh, nhằm",Đỗ Tất Lợi (Trang 41)
166,Các chứng suyễn mà,Các chứng suyễn mà,Đỗ Tất Lợi (Trang 41)
167,Nào cũng phải có,Nào cũng phải có,Đỗ Tất Lợi (Trang 42)
168,Riểu thừa khí gồm 3 vị,Riểu thừa khí gồm 3 vị,Đỗ Tất Lợi (Trang 42)
169,Đông y căn bản cũng giống như,Đông y căn bản cũng giống như,Đỗ Tất Lợi (Trang 42)
170,Đóng y có chăng chỉ có khác,Đóng y có chăng chỉ có khác,Đỗ Tất Lợi (Trang 42)
171,Khỏi bệnh như đơn thuốc,Khỏi bệnh như đơn thuốc,Đỗ Tất Lợi (Trang 42)
172,Bệnh mãn,Bệnh mãn,Đỗ Tất Lợi (Trang 42)
173,Chế phức tạp,Chế phức tạp,Đỗ Tất Lợi (Trang 42)
174,"Viêm niêm mạc đạ con, kinh","Viêm niêm mạc đạ con, kinh",Đỗ Tất Lợi (Trang 47)
175,"Phù thũng, thiên đầu","Phù thũng, thiên đầu",Đỗ Tất Lợi (Trang 47)
176,Một số bệnh như sưng,Một số bệnh như sưng,Đỗ Tất Lợi (Trang 47)
177,Bệnh cho nam giới,Bệnh cho nam giới,Đỗ Tất Lợi (Trang 48)
178,"Bệnh phụ khoa) thì tác dụng giống nhau, nhưng","Bệnh phụ khoa) thì tác dụng giống nhau, nhưng",Đỗ Tất Lợi (Trang 50)
179,Khí,Khí,Đỗ Tất Lợi (Trang 50)
180,"Kinh nguyệt không đều, thấy kinh","Kinh nguyệt không đều, thấy kinh",Đỗ Tất Lợi (Trang 50)
181,"Nỏn mửa, đau bụ","Nỏn mửa, đau bụ",Đỗ Tất Lợi (Trang 50)
182,Có hương phụ,Có hương phụ,Đỗ Tất Lợi (Trang 50)
183,"Kinh nguyệt không đều, thấy kinh đau","Kinh nguyệt không đều, thấy kinh đau",Đỗ Tất Lợi (Trang 50)
184,Không hoàn,Không hoàn,Đỗ Tất Lợi (Trang 50)
185,Bệnh phụ,Bệnh phụ,Đỗ Tất Lợi (Trang 50)
186,Sau đây,Sau đây,Đỗ Tất Lợi (Trang 51)
187,"Bệnh bằng châm cứu,","Bệnh bằng châm cứu,",Đỗ Tất Lợi (Trang 51)
188,Đau,Đau,Đỗ Tất Lợi (Trang 52)
189,"Đau bụng, nòn mửa, thuốc giun, sốt rét,","Đau bụng, nòn mửa, thuốc giun, sốt rét,",Đỗ Tất Lợi (Trang 52)
190,Có ngdi cứu,Có ngdi cứu,Đỗ Tất Lợi (Trang 52)
191,"Kinh nguyệt kéo dài, mắu ra","Kinh nguyệt kéo dài, mắu ra",Đỗ Tất Lợi (Trang 52)
192,Này còn có thể dùng chữa kính,Này còn có thể dùng chữa kính,Đỗ Tất Lợi (Trang 52)
193,"Đang có thai, đau bụng,","Đang có thai, đau bụng,",Đỗ Tất Lợi (Trang 52)
194,Đau đầu đau nhức do phong,Đau đầu đau nhức do phong,Đỗ Tất Lợi (Trang 53)
195,Hơn 430 người,Hơn 430 người,Đỗ Tất Lợi (Trang 53)
196,"Bệnh khí hư, bạch đới vớt liều 15-20g lá khô,","Bệnh khí hư, bạch đới vớt liều 15-20g lá khô,",Đỗ Tất Lợi (Trang 54)
197,"Bệnh vàng da và niêm mạc, nhất là","Bệnh vàng da và niêm mạc, nhất là",Đỗ Tất Lợi (Trang 54)
198,"Phế ung, ngoài dùng chữa","Phế ung, ngoài dùng chữa",Đỗ Tất Lợi (Trang 55)
199,"Bệnh mụn nhọt, kinh nguyệt khô","Bệnh mụn nhọt, kinh nguyệt khô",Đỗ Tất Lợi (Trang 56)
200,Kinh nghiệm dù,Kinh nghiệm dù,Đỗ Tất Lợi (Trang 56)
201,"Bệnh viêm sưng tai giữa, sư","Bệnh viêm sưng tai giữa, sư",Đỗ Tất Lợi (Trang 56)
202,"Kinh nguyệt bế tắc, sản hậu ứ huyết,","Kinh nguyệt bế tắc, sản hậu ứ huyết,",Đỗ Tất Lợi (Trang 57)
203,Kinh,Kinh,Đỗ Tất Lợi (Trang 57)
204,"Đơn độc, thông","Đơn độc, thông",Đỗ Tất Lợi (Trang 58)
205,"Bệnh phụ nữ có thai đau bụng, nước","Bệnh phụ nữ có thai đau bụng, nước",Đỗ Tất Lợi (Trang 58)
206,Được bệnh sa dạ con nhưng uống 3-4,Được bệnh sa dạ con nhưng uống 3-4,Đỗ Tất Lợi (Trang 58)
207,"Tiểu tiện đục, đi tiểu ra mầu, viêm","Tiểu tiện đục, đi tiểu ra mầu, viêm",Đỗ Tất Lợi (Trang 58)
208,"Viêm xoang mũi dị ứng, đã áp","Viêm xoang mũi dị ứng, đã áp",Đỗ Tất Lợi (Trang 59)
209,Bệnh phụ nữ bị rong huyết sau khi,Bệnh phụ nữ bị rong huyết sau khi,Đỗ Tất Lợi (Trang 59)
210,Viêm xoang mũi dị ứng mới,Viêm xoang mũi dị ứng mới,Đỗ Tất Lợi (Trang 59)
211,Ho (tẩm gừ,Ho (tẩm gừ,Đỗ Tất Lợi (Trang 60)
212,Bán hạ,Bán hạ,Đỗ Tất Lợi (Trang 61)
213,Ho,Ho,Đỗ Tất Lợi (Trang 61)
214,Phụ nữ có thai bị nòn,Phụ nữ có thai bị nòn,Đỗ Tất Lợi (Trang 61)
215,Có vị bán hạ dùng tro,Có vị bán hạ dùng tro,Đỗ Tất Lợi (Trang 62)
216,Có vị bản hạ ghỉ trong dược điển,Có vị bản hạ ghỉ trong dược điển,Đỗ Tất Lợi (Trang 62)
217,Cửc,Cửc,Đỗ Tất Lợi (Trang 62)
218,"Ben suyễn, nặng mặt,","Ben suyễn, nặng mặt,",Đỗ Tất Lợi (Trang 62)
219,Nón,Nón,Đỗ Tất Lợi (Trang 62)
220,Có vỏ rễ cây bông,Có vỏ rễ cây bông,Đỗ Tất Lợi (Trang 63)
221,"Hạt bóng sao vàng 5g, cam thảo","Hạt bóng sao vàng 5g, cam thảo",Đỗ Tất Lợi (Trang 63)
222,"Hay không,","Hay không,",Đỗ Tất Lợi (Trang 64)
223,Lại có tác dù,Lại có tác dù,Đỗ Tất Lợi (Trang 64)
224,Bệnh cholesterol máu,Bệnh cholesterol máu,Đỗ Tất Lợi (Trang 64)
225,Có tô mộc,Có tô mộc,Đỗ Tất Lợi (Trang 67)
226,Sót nhau,Sót nhau,Đỗ Tất Lợi (Trang 68)
227,Này chữa chậm,Này chữa chậm,Đỗ Tất Lợi (Trang 68)
228,Tưa lưỡi,Tưa lưỡi,Đỗ Tất Lợi (Trang 68)
229,Hóc,Hóc,Đỗ Tất Lợi (Trang 68)
230,"Sót nhau, có người chỉ dùng 15 hạt","Sót nhau, có người chỉ dùng 15 hạt",Đỗ Tất Lợi (Trang 68)
231,Hay,Hay,Đỗ Tất Lợi (Trang 72)
232,Bệnh,Bệnh,Đỗ Tất Lợi (Trang 72)
233,Cho 129,Cho 129,Đỗ Tất Lợi (Trang 72)
234,Chứng thố,Chứng thố,Đỗ Tất Lợi (Trang 72)
235,"Táo bón, làm giảm sung huyết","Táo bón, làm giảm sung huyết",Đỗ Tất Lợi (Trang 72)
236,Bệnh kinh nguyệt không,Bệnh kinh nguyệt không,Đỗ Tất Lợi (Trang 73)
237,Có đương quy dùng trong đông y,Có đương quy dùng trong đông y,Đỗ Tất Lợi (Trang 73)
238,Thiếu,Thiếu,Đỗ Tất Lợi (Trang 73)
239,Bệnh phụ nữ sau khi đẻ,Bệnh phụ nữ sau khi đẻ,Đỗ Tất Lợi (Trang 73)
240,Chảy máu cam không ngừ,Chảy máu cam không ngừ,Đỗ Tất Lợi (Trang 74)
241,"Mất ngủ, nhức đầu,","Mất ngủ, nhức đầu,",Đỗ Tất Lợi (Trang 74)
242,Kính,Kính,Đỗ Tất Lợi (Trang 74)
243,"Những chứng tiện huyết, niệu huyết (tiểu","Những chứng tiện huyết, niệu huyết (tiểu",Đỗ Tất Lợi (Trang 74)
244,Những trường hợp ứ,Những trường hợp ứ,Đỗ Tất Lợi (Trang 75)
245,Có mướp dùng tro,Có mướp dùng tro,Đỗ Tất Lợi (Trang 76)
246,Các bệnh trĩ ra,Các bệnh trĩ ra,Đỗ Tất Lợi (Trang 76)
247,Khí hư do trùng,Khí hư do trùng,Đỗ Tất Lợi (Trang 77)
248,"Bệnh ỉa chảy, khí bư do trùng rơi âm","Bệnh ỉa chảy, khí bư do trùng rơi âm",Đỗ Tất Lợi (Trang 77)
249,"Thổ huyết, máu cam, tiểu tiện ra máu, bị đánh","Thổ huyết, máu cam, tiểu tiện ra máu, bị đánh",Đỗ Tất Lợi (Trang 78)
250,"Té thấp, đau nhức; rễ đù","Té thấp, đau nhức; rễ đù",Đỗ Tất Lợi (Trang 79)
251,"Cùng những chứng bệnh, nhưng coi","Cùng những chứng bệnh, nhưng coi",Đỗ Tất Lợi (Trang 79)
252,Một số trườ,Một số trườ,Đỗ Tất Lợi (Trang 80)
253,"Đau bụng, tả ly, lưng ngực đau, kinh","Đau bụng, tả ly, lưng ngực đau, kinh",Đỗ Tất Lợi (Trang 81)
254,"Phụ nữ bế kinh, xích bạch","Phụ nữ bế kinh, xích bạch",Đỗ Tất Lợi (Trang 81)
255,Có thược được,Có thược được,Đỗ Tất Lợi (Trang 81)
256,2 chan và đầu gối,2 chan và đầu gối,Đỗ Tất Lợi (Trang 81)
257,Của trương,Của trương,Đỗ Tất Lợi (Trang 81)
258,Băng huyết bạch đới,Băng huyết bạch đới,Đỗ Tất Lợi (Trang 82)
259,"Sốt phát ban, viêm amydan, cổ họ","Sốt phát ban, viêm amydan, cổ họ",Đỗ Tất Lợi (Trang 83)
260,Huyết áp cao hay chữa những trường,Huyết áp cao hay chữa những trường,Đỗ Tất Lợi (Trang 84)
261,"Ïa chảy, táo","Ïa chảy, táo",Đỗ Tất Lợi (Trang 84)
262,"Bị đánh, ngã sưng","Bị đánh, ngã sưng",Đỗ Tất Lợi (Trang 85)
263,Mụn nhọt mẩn ngứa,Mụn nhọt mẩn ngứa,Đỗ Tất Lợi (Trang 87)
264,Ho trẻ con và dùng chữa,Ho trẻ con và dùng chữa,Đỗ Tất Lợi (Trang 88)
265,"Bệnh sưng vú,","Bệnh sưng vú,",Đỗ Tất Lợi (Trang 88)
266,"Bệnh đau đạ dày,","Bệnh đau đạ dày,",Đỗ Tất Lợi (Trang 88)
267,Trong nhân dân có vị bô công anh,Trong nhân dân có vị bô công anh,Đỗ Tất Lợi (Trang 88)
268,Ăn uố,Ăn uố,Đỗ Tất Lợi (Trang 88)
269,Chữa đau dạ dày,Chữa đau dạ dày,Đỗ Tất Lợi (Trang 88)
270,"Mụn nhọt, rôm sảy, lên","Mụn nhọt, rôm sảy, lên",Đỗ Tất Lợi (Trang 92)
271,"Sốt, mụn nhọt, tá ly, gia","Sốt, mụn nhọt, tá ly, gia",Đỗ Tất Lợi (Trang 92)
272,"Mụn nhọt, mắn ngứa, sốt nó","Mụn nhọt, mắn ngứa, sốt nó",Đỗ Tất Lợi (Trang 92)
273,Có kết qùa một số trường,Có kết qùa một số trường,Đỗ Tất Lợi (Trang 92)
274,Có kim,Có kim,Đỗ Tất Lợi (Trang 92)
275,"Mụn nhọi,","Mụn nhọi,",Đỗ Tất Lợi (Trang 92)
276,Trên thêm 3g ké đầu,Trên thêm 3g ké đầu,Đỗ Tất Lợi (Trang 92)
277,"Mụn nhọi, mẩn ngứa, thông tiểu","Mụn nhọi, mẩn ngứa, thông tiểu",Đỗ Tất Lợi (Trang 92)
278,Kinh nghiệm từ cổ),Kinh nghiệm từ cổ),Đỗ Tất Lợi (Trang 92)
279,22 trường hợp bệnh,22 trường hợp bệnh,Đỗ Tất Lợi (Trang 93)
280,Bướu cổ tại một số lâm trườ,Bướu cổ tại một số lâm trườ,Đỗ Tất Lợi (Trang 94)
281,Những trườ,Những trườ,Đỗ Tất Lợi (Trang 94)
282,Mẩn,Mẩn,Đỗ Tất Lợi (Trang 94)
283,"Mụn nhọt,","Mụn nhọt,",Đỗ Tất Lợi (Trang 94)
284,Có ké dùng tro,Có ké dùng tro,Đỗ Tất Lợi (Trang 94)
285,"Thủy thũng, bí tiểu tiện","Thủy thũng, bí tiểu tiện",Đỗ Tất Lợi (Trang 94)
286,Bướu cổ,Bướu cổ,Đỗ Tất Lợi (Trang 94)
287,"Loa lịch (lở loét, tràng nhạc, mụn nhọt, đò","Loa lịch (lở loét, tràng nhạc, mụn nhọt, đò",Đỗ Tất Lợi (Trang 95)
288,Bệnh nhức mất rất công hiệu như sau,Bệnh nhức mất rất công hiệu như sau,Đỗ Tất Lợi (Trang 95)
289,"Chứng đau mắt,","Chứng đau mắt,",Đỗ Tất Lợi (Trang 96)
290,"Chứng đau nhức con ngươi,","Chứng đau nhức con ngươi,",Đỗ Tất Lợi (Trang 96)
291,"Loa lịch, giải trừ nhiệt độc ở tử","Loa lịch, giải trừ nhiệt độc ở tử",Đỗ Tất Lợi (Trang 96)
292,Dù,Dù,Đỗ Tất Lợi (Trang 96)
293,Trà,Trà,Đỗ Tất Lợi (Trang 96)
294,Trích trong sách,Trích trong sách,Đỗ Tất Lợi (Trang 96)
295,"Tràng nhạc (loa lịch) hạ khô thảo 8g,","Tràng nhạc (loa lịch) hạ khô thảo 8g,",Đỗ Tất Lợi (Trang 96)
296,Bệnh cao huyết áp với liều,Bệnh cao huyết áp với liều,Đỗ Tất Lợi (Trang 96)
297,Bệnh lâu đời,Bệnh lâu đời,Đỗ Tất Lợi (Trang 96)
298,"Liệt dương, bộ phận sinh dục ẩm","Liệt dương, bộ phận sinh dục ẩm",Đỗ Tất Lợi (Trang 97)
299,Có xà sàng tử,Có xà sàng tử,Đỗ Tất Lợi (Trang 97)
300,Có vị bưởi bung,Có vị bưởi bung,Đỗ Tất Lợi (Trang 99)
301,"Bệnh lở ngứa hạ bộ, tiêu","Bệnh lở ngứa hạ bộ, tiêu",Đỗ Tất Lợi (Trang 100)
302,Hàn nhiệt tích,Hàn nhiệt tích,Đỗ Tất Lợi (Trang 101)
303,Sang tĩ đau nhức,Sang tĩ đau nhức,Đỗ Tất Lợi (Trang 101)
304,"Tê liệt thần kinh mặt, đau nhức, tê","Tê liệt thần kinh mặt, đau nhức, tê",Đỗ Tất Lợi (Trang 101)
305,Bá,Bá,Đỗ Tất Lợi (Trang 102)
306,Viêm bàng quang cũ,Viêm bàng quang cũ,Đỗ Tất Lợi (Trang 102)
307,120 trường hợp bạch,120 trường hợp bạch,Đỗ Tất Lợi (Trang 103)
308,Mụn,Mụn,Đỗ Tất Lợi (Trang 103)
309,Viêm phổi và một,Viêm phổi và một,Đỗ Tất Lợi (Trang 103)
310,Bệnh hắc lào và một số bệnh ngoài da,Bệnh hắc lào và một số bệnh ngoài da,Đỗ Tất Lợi (Trang 104)
311,Những,Những,Đỗ Tất Lợi (Trang 105)
312,"Ung thư, hủi và một số bệnh","Ung thư, hủi và một số bệnh",Đỗ Tất Lợi (Trang 105)
313,"Đau gân, đau xươ","Đau gân, đau xươ",Đỗ Tất Lợi (Trang 105)
314,"Sốt và rắn độc, vì tảo hưu còn dùng chữa mụn","Sốt và rắn độc, vì tảo hưu còn dùng chữa mụn",Đỗ Tất Lợi (Trang 106)
315,"Mụn nhọt, mần ngứa, ho, hen, xuyễn,","Mụn nhọt, mần ngứa, ho, hen, xuyễn,",Đỗ Tất Lợi (Trang 108)
316,Dùng bèo cái tro,Dùng bèo cái tro,Đỗ Tất Lợi (Trang 108)
317,"Eczêma, số tượ","Eczêma, số tượ",Đỗ Tất Lợi (Trang 108)
318,"To hay nhỏ, đem vẻ rửa sạch bằng","To hay nhỏ, đem vẻ rửa sạch bằng",Đỗ Tất Lợi (Trang 108)
319,Chữa mẩn,Chữa mẩn,Đỗ Tất Lợi (Trang 108)
320,Mụn rộp loa,Mụn rộp loa,Đỗ Tất Lợi (Trang 108)
321,Rắn cắn,Rắn cắn,Đỗ Tất Lợi (Trang 109)
322,Nôn,Nôn,Đỗ Tất Lợi (Trang 109)
323,Đau đạ,Đau đạ,Đỗ Tất Lợi (Trang 109)
324,Trai,Trai,Đỗ Tất Lợi (Trang 110)
325,"Chứng nhức óc, là thuốc","Chứng nhức óc, là thuốc",Đỗ Tất Lợi (Trang 111)
326,"Chứng âm hộ lạnh, sưng đau nhức, nhức","Chứng âm hộ lạnh, sưng đau nhức, nhức",Đỗ Tất Lợi (Trang 111)
327,Có cảo bản dùng trong đông y,Có cảo bản dùng trong đông y,Đỗ Tất Lợi (Trang 111)
328,Nhiêu,Nhiêu,Đỗ Tất Lợi (Trang 111)
329,"Nhức đầu, thiền đầu thống","Nhức đầu, thiền đầu thống",Đỗ Tất Lợi (Trang 111)
330,Nhức đầu thường xuyên hay từ,Nhức đầu thường xuyên hay từ,Đỗ Tất Lợi (Trang 113)
331,"Các vết loét, một số bệnh","Các vết loét, một số bệnh",Đỗ Tất Lợi (Trang 114)
332,"Ly, lá đã nát đấp lên những chỗ","Ly, lá đã nát đấp lên những chỗ",Đỗ Tất Lợi (Trang 115)
333,Có cây ké hoa vàng tro,Có cây ké hoa vàng tro,Đỗ Tất Lợi (Trang 116)
334,"Mụn nhọt, sư","Mụn nhọt, sư",Đỗ Tất Lợi (Trang 116)
335,Ly,Ly,Đỗ Tất Lợi (Trang 116)
336,"Sốt, ra mồ hôi, làm thuốc bổ đắng, làm cho","Sốt, ra mồ hôi, làm thuốc bổ đắng, làm cho",Đỗ Tất Lợi (Trang 116)
337,"Mần ngứa, lở loét sư","Mần ngứa, lở loét sư",Đỗ Tất Lợi (Trang 117)
338,"Ngộ độc, đặc biệt","Ngộ độc, đặc biệt",Đỗ Tất Lợi (Trang 117)
339,"Sơn lở, đị ứ","Sơn lở, đị ứ",Đỗ Tất Lợi (Trang 117)
340,Sa,Sa,Đỗ Tất Lợi (Trang 119)
341,"Mụn nhọt, ghẻ lở, giải độc, trà","Mụn nhọt, ghẻ lở, giải độc, trà",Đỗ Tất Lợi (Trang 119)
342,"Nôn mửa,","Nôn mửa,",Đỗ Tất Lợi (Trang 119)
343,Tràng nhạc và ổ gà (viêm hạch ở nách),Tràng nhạc và ổ gà (viêm hạch ở nách),Đỗ Tất Lợi (Trang 119)
344,Thứ hai,Thứ hai,Đỗ Tất Lợi (Trang 119)
345,Chữa sưng vú,Chữa sưng vú,Đỗ Tất Lợi (Trang 119)
346,"Hắc lào, bệnh da và","Hắc lào, bệnh da và",Đỗ Tất Lợi (Trang 121)
347,"Bệnh gan, bệnh tuỷ sống lư","Bệnh gan, bệnh tuỷ sống lư",Đỗ Tất Lợi (Trang 121)
348,Kinh nguyệt,Kinh nguyệt,Đỗ Tất Lợi (Trang 121)
349,"Ho,","Ho,",Đỗ Tất Lợi (Trang 121)
350,"Ghẻ, bệnh","Ghẻ, bệnh",Đỗ Tất Lợi (Trang 122)
351,Chứng ma pho,Chứng ma pho,Đỗ Tất Lợi (Trang 123)
352,"Chứng sốt cao, lá giã","Chứng sốt cao, lá giã",Đỗ Tất Lợi (Trang 123)
353,Bệnh lậu với liều 2-,Bệnh lậu với liều 2-,Đỗ Tất Lợi (Trang 125)
354,Da,Da,Đỗ Tất Lợi (Trang 128)
355,Có thanh táo,Có thanh táo,Đỗ Tất Lợi (Trang 128)
356,"Thổ huyết, nôn mửa, điên cuồng, ra","Thổ huyết, nôn mửa, điên cuồng, ra",Đỗ Tất Lợi (Trang 130)
357,Sốt,Sốt,Đỗ Tất Lợi (Trang 130)
358,Chữa viêm lợi ră,Chữa viêm lợi ră,Đỗ Tất Lợi (Trang 130)
359,Cam tẩu mã,Cam tẩu mã,Đỗ Tất Lợi (Trang 131)
360,"Viêm hạch hạnh nhân, yết hầu","Viêm hạch hạnh nhân, yết hầu",Đỗ Tất Lợi (Trang 131)
361,"Bỏng, cầm máu, đấp vết thương,","Bỏng, cầm máu, đấp vết thương,",Đỗ Tất Lợi (Trang 132)
362,Viêm tại giữa cấp tính,Viêm tại giữa cấp tính,Đỗ Tất Lợi (Trang 132)
363,Nhữ,Nhữ,Đỗ Tất Lợi (Trang 132)
364,Có trầu không,Có trầu không,Đỗ Tất Lợi (Trang 134)
365,"Ly, trị bì phu thấp độc, ung thũng","Ly, trị bì phu thấp độc, ung thũng",Đỗ Tất Lợi (Trang 135)
366,Những bệnh,Những bệnh,Đỗ Tất Lợi (Trang 135)
367,Ii,Ii,Đỗ Tất Lợi (Trang 135)
368,5 khỏi 4 (sau 5 đến 10,5 khỏi 4 (sau 5 đến 10,Đỗ Tất Lợi (Trang 135)
369,"L khỏi i (sau 15 ngày), viêm da","L khỏi i (sau 15 ngày), viêm da",Đỗ Tất Lợi (Trang 135)
370,"Một em bé bị chảy đãi nặng, đa","Một em bé bị chảy đãi nặng, đa",Đỗ Tất Lợi (Trang 135)
371,14 bệnh nhân khỏi hẳn một,14 bệnh nhân khỏi hẳn một,Đỗ Tất Lợi (Trang 135)
372,Thôm lôm uống,Thôm lôm uống,Đỗ Tất Lợi (Trang 135)
373,"Ly, yết hầu, cổ","Ly, yết hầu, cổ",Đỗ Tất Lợi (Trang 136)
374,Áp xe vú có kết quả (,Áp xe vú có kết quả (,Đỗ Tất Lợi (Trang 137)
375,Sưng,Sưng,Đỗ Tất Lợi (Trang 137)
376,Bằng lá chè vằ,Bằng lá chè vằ,Đỗ Tất Lợi (Trang 137)
377,"Mụn nhọt, ghẻ, sư","Mụn nhọt, ghẻ, sư",Đỗ Tất Lợi (Trang 138)
378,"Sốt rét, thũng độc, ngứa lở mà","Sốt rét, thũng độc, ngứa lở mà",Đỗ Tất Lợi (Trang 138)
379,Có củ ráy,Có củ ráy,Đỗ Tất Lợi (Trang 138)
380,"Bỏng, kinh nguyệt khô","Bỏng, kinh nguyệt khô",Đỗ Tất Lợi (Trang 141)
381,Bệnh hủi và giống hủi-tên này đo lý thời tràn,Bệnh hủi và giống hủi-tên này đo lý thời tràn,Đỗ Tất Lợi (Trang 141)
382,Hủi bằng cách cho,Hủi bằng cách cho,Đỗ Tất Lợi (Trang 143)
383,Lao phổi và lao thanh,Lao phổi và lao thanh,Đỗ Tất Lợi (Trang 143)
384,"Hủi, mẩn","Hủi, mẩn",Đỗ Tất Lợi (Trang 144)
385,Phong,Phong,Đỗ Tất Lợi (Trang 144)
386,Một số,Một số,Đỗ Tất Lợi (Trang 144)
387,Có vị đại phong tử,Có vị đại phong tử,Đỗ Tất Lợi (Trang 144)
388,Bệnh mũi đỏ,Bệnh mũi đỏ,Đỗ Tất Lợi (Trang 144)
389,"Mẩn ngứa, mẻ đay, đị ứng với liều mỗi","Mẩn ngứa, mẻ đay, đị ứng với liều mỗi",Đỗ Tất Lợi (Trang 146)
390,"Viên họng đỏ, viêm phế","Viên họng đỏ, viêm phế",Đỗ Tất Lợi (Trang 146)
391,"La chảy,","La chảy,",Đỗ Tất Lợi (Trang 147)
392,"Mụn nhọt, lở loét","Mụn nhọt, lở loét",Đỗ Tất Lợi (Trang 147)
393,"Cháy máu cam, mụn nhọt,","Cháy máu cam, mụn nhọt,",Đỗ Tất Lợi (Trang 148)
394,Có huyết kiệt,Có huyết kiệt,Đỗ Tất Lợi (Trang 148)
395,"Đẻ xong,","Đẻ xong,",Đỗ Tất Lợi (Trang 148)
396,Chữa liệt nửa,Chữa liệt nửa,Đỗ Tất Lợi (Trang 152)
397,Những cơn đau kịch trong người,Những cơn đau kịch trong người,Đỗ Tất Lợi (Trang 152)
398,Có lá la,Có lá la,Đỗ Tất Lợi (Trang 152)
399,"Ho (long đờm), thô","Ho (long đờm), thô",Đỗ Tất Lợi (Trang 153)
400,"Mụn nhọt, mẩn","Mụn nhọt, mẩn",Đỗ Tất Lợi (Trang 156)
401,"Những vết thương nhiễm trùng thông thường, làm","Những vết thương nhiễm trùng thông thường, làm",Đỗ Tất Lợi (Trang 159)
402,Những vết,Những vết,Đỗ Tất Lợi (Trang 159)
403,Có thóc lép,Có thóc lép,Đỗ Tất Lợi (Trang 160)
404,"Mệt mỗi, tiêu độc dùng dưới dạ","Mệt mỗi, tiêu độc dùng dưới dạ",Đỗ Tất Lợi (Trang 161)
405,Có tùng hương,Có tùng hương,Đỗ Tất Lợi (Trang 163)
406,Những mụn,Những mụn,Đỗ Tất Lợi (Trang 163)
407,Đau sư,Đau sư,Đỗ Tất Lợi (Trang 163)
408,"Rắn cắn, sư","Rắn cắn, sư",Đỗ Tất Lợi (Trang 164)
409,Hắc lào,Hắc lào,Đỗ Tất Lợi (Trang 165)
410,Lang ben cũ,Lang ben cũ,Đỗ Tất Lợi (Trang 165)
411,Lở ngứa,Lở ngứa,Đỗ Tất Lợi (Trang 165)
412,Sốt nó,Sốt nó,Đỗ Tất Lợi (Trang 166)
413,"Trĩ,","Trĩ,",Đỗ Tất Lợi (Trang 167)
414,Bệnh cho 116 học sinh và,Bệnh cho 116 học sinh và,Đỗ Tất Lợi (Trang 173)
415,"5 chứng cam của trẻ em tiểu tiện đục,","5 chứng cam của trẻ em tiểu tiện đục,",Đỗ Tất Lợi (Trang 173)
416,"Hết thảy các bệnh lở, ngứa của trẻ em","Hết thảy các bệnh lở, ngứa của trẻ em",Đỗ Tất Lợi (Trang 173)
417,"Giun đũa với liều 3-5 nhân cho trẻ em, i0","Giun đũa với liều 3-5 nhân cho trẻ em, i0",Đỗ Tất Lợi (Trang 173)
418,"Đau nhức răng, ngầy","Đau nhức răng, ngầy",Đỗ Tất Lợi (Trang 173)
419,Có sử quán tử,Có sử quán tử,Đỗ Tất Lợi (Trang 173)
420,"Dau nhức răng (kinh nghiệm cổ, đỗ","Dau nhức răng (kinh nghiệm cổ, đỗ",Đỗ Tất Lợi (Trang 173)
421,"Trẻ em hư thũng, mặt chân sưng phù","Trẻ em hư thũng, mặt chân sưng phù",Đỗ Tất Lợi (Trang 173)
422,"Giun với liều 10-15g cho trẻ con, có thể uống tới","Giun với liều 10-15g cho trẻ con, có thể uống tới",Đỗ Tất Lợi (Trang 175)
423,"Ho, chữa","Ho, chữa",Đỗ Tất Lợi (Trang 175)
424,Bệnh lao hạch,Bệnh lao hạch,Đỗ Tất Lợi (Trang 176)
425,Giun,Giun,Đỗ Tất Lợi (Trang 176)
426,Giun kim,Giun kim,Đỗ Tất Lợi (Trang 176)
427,133,133,Đỗ Tất Lợi (Trang 176)
428,1327 trường,1327 trường,Đỗ Tất Lợi (Trang 180)
429,115,115,Đỗ Tất Lợi (Trang 180)
430,Bệnh viêm,Bệnh viêm,Đỗ Tất Lợi (Trang 181)
431,Giun từ lâu đời nhưng vì có độc mà liễu,Giun từ lâu đời nhưng vì có độc mà liễu,Đỗ Tất Lợi (Trang 181)
432,"Giun, nhưng tại trung quốc","Giun, nhưng tại trung quốc",Đỗ Tất Lợi (Trang 181)
433,"Giun, nhân dân cồn đùng lá sắc","Giun, nhân dân cồn đùng lá sắc",Đỗ Tất Lợi (Trang 182)
434,"Ghẻ, vỏ xoan là thuốc đùng","Ghẻ, vỏ xoan là thuốc đùng",Đỗ Tất Lợi (Trang 182)
435,"Giun sán, không thấy có","Giun sán, không thấy có",Đỗ Tất Lợi (Trang 183)
436,Sán tuy không mạnh bằng dươ,Sán tuy không mạnh bằng dươ,Đỗ Tất Lợi (Trang 183)
437,"Giun đũa, dù","Giun đũa, dù",Đỗ Tất Lợi (Trang 185)
438,Trâu bò ngựa,Trâu bò ngựa,Đỗ Tất Lợi (Trang 185)
439,Sán (phụ nữ có thai và trẻ,Sán (phụ nữ có thai và trẻ,Đỗ Tất Lợi (Trang 187)
440,"Sán, võ rễ và vỏ thân","Sán, võ rễ và vỏ thân",Đỗ Tất Lợi (Trang 187)
441,"Ly đi ngoài, thường","Ly đi ngoài, thường",Đỗ Tất Lợi (Trang 187)
442,Sán cho,Sán cho,Đỗ Tất Lợi (Trang 189)
443,Sốt rét trong đơn thuốc,Sốt rét trong đơn thuốc,Đỗ Tất Lợi (Trang 189)
444,Đệnh,Đệnh,Đỗ Tất Lợi (Trang 190)
445,Bă,Bă,Đỗ Tất Lợi (Trang 192)
446,Có quán chúng dùng tro,Có quán chúng dùng tro,Đỗ Tất Lợi (Trang 192)
447,Băng huyết,Băng huyết,Đỗ Tất Lợi (Trang 192)
448,"Ly amip cấp tính rất tốt, so sánh tác","Ly amip cấp tính rất tốt, so sánh tác",Đỗ Tất Lợi (Trang 195)
449,Ly và u,Ly và u,Đỗ Tất Lợi (Trang 195)
450,"Sốt rét, những","Sốt rét, những",Đỗ Tất Lợi (Trang 195)
451,"Ly, nha đảm","Ly, nha đảm",Đỗ Tất Lợi (Trang 195)
452,Sốt rét,Sốt rét,Đỗ Tất Lợi (Trang 196)
453,Ly amip kết,Ly amip kết,Đỗ Tất Lợi (Trang 197)
454,Ly trực trùng kết,Ly trực trùng kết,Đỗ Tất Lợi (Trang 197)
455,Ly amip hay ly trực tràng,Ly amip hay ly trực tràng,Đỗ Tất Lợi (Trang 197)
456,"Ly, nước tôi 10%","Ly, nước tôi 10%",Đỗ Tất Lợi (Trang 197)
457,"Viêm phế quản mãn tính, ho gà, cao huyết áp","Viêm phế quản mãn tính, ho gà, cao huyết áp",Đỗ Tất Lợi (Trang 197)
458,Cao huyết áp,Cao huyết áp,Đỗ Tất Lợi (Trang 197)
459,"Băng đới,","Băng đới,",Đỗ Tất Lợi (Trang 197)
460,Bệnh cước khí thùy,Bệnh cước khí thùy,Đỗ Tất Lợi (Trang 200)
461,Có kết quả,Có kết quả,Đỗ Tất Lợi (Trang 201)
462,"54 trường hợp, khỏi 53); triếf","54 trường hợp, khỏi 53); triếf",Đỗ Tất Lợi (Trang 201)
463,403,403,Đỗ Tất Lợi (Trang 201)
464,"Ho lâu ngày,","Ho lâu ngày,",Đỗ Tất Lợi (Trang 201)
465,"Mụn nhọt, sưng","Mụn nhọt, sưng",Đỗ Tất Lợi (Trang 201)
466,"Ly trực trùng, giã nát đắp","Ly trực trùng, giã nát đắp",Đỗ Tất Lợi (Trang 201)
467,Có rau sam,Có rau sam,Đỗ Tất Lợi (Trang 201)
468,Phối hợp rau sam và cỏ sữa (viện,Phối hợp rau sam và cỏ sữa (viện,Đỗ Tất Lợi (Trang 201)
469,"Ly trực trùng shiga, dù","Ly trực trùng shiga, dù",Đỗ Tất Lợi (Trang 202)
470,Tê thấp; nước,Tê thấp; nước,Đỗ Tất Lợi (Trang 202)
471,Này thường chỉ áp dụng đối với,Này thường chỉ áp dụng đối với,Đỗ Tất Lợi (Trang 203)
472,Này đã được áp dụng có kết quả ở,Này đã được áp dụng có kết quả ở,Đỗ Tất Lợi (Trang 203)
473,"Bằng rau sam, lá chè, becbêrin (chất","Bằng rau sam, lá chè, becbêrin (chất",Đỗ Tất Lợi (Trang 204)
474,Ổi,Ổi,Đỗ Tất Lợi (Trang 206)
475,Có hoàng liên gai,Có hoàng liên gai,Đỗ Tất Lợi (Trang 206)
476,Đau răng,Đau răng,Đỗ Tất Lợi (Trang 207)
477,"Ly,","Ly,",Đỗ Tất Lợi (Trang 207)
478,"Đau mắt,","Đau mắt,",Đỗ Tất Lợi (Trang 208)
479,"Đau mát, ia chảy, ly như hoà","Đau mát, ia chảy, ly như hoà",Đỗ Tất Lợi (Trang 208)
480,"Ly, ia chảy cho","Ly, ia chảy cho",Đỗ Tất Lợi (Trang 208)
481,Có hoàng đằng,Có hoàng đằng,Đỗ Tất Lợi (Trang 209)
482,"Bệnh vẻ gan, mật","Bệnh vẻ gan, mật",Đỗ Tất Lợi (Trang 210)
483,"Kiết ly, ia chảy, ăn uống","Kiết ly, ia chảy, ăn uống",Đỗ Tất Lợi (Trang 212)
484,Mắt và,Mắt và,Đỗ Tất Lợi (Trang 213)
485,Có hoàng bá https,Có hoàng bá https,Đỗ Tất Lợi (Trang 214)
486,Ly rất phổ cập tro,Ly rất phổ cập tro,Đỗ Tất Lợi (Trang 215)
487,"Ly ở nước ta, cây cỏ","Ly ở nước ta, cây cỏ",Đỗ Tất Lợi (Trang 215)
488,Bệnh ngoài đa và vết thươ,Bệnh ngoài đa và vết thươ,Đỗ Tất Lợi (Trang 215)
489,"Đau mắt, loét","Đau mắt, loét",Đỗ Tất Lợi (Trang 215)
490,Hội chứng ly mang tên codanzit (phan,Hội chứng ly mang tên codanzit (phan,Đỗ Tất Lợi (Trang 215)
491,Rấn cắn,Rấn cắn,Đỗ Tất Lợi (Trang 216)
492,Cảm sốt,Cảm sốt,Đỗ Tất Lợi (Trang 217)
493,"Ìa ra máu (sắc uống), có thể","Ìa ra máu (sắc uống), có thể",Đỗ Tất Lợi (Trang 217)
494,Sốt khô,Sốt khô,Đỗ Tất Lợi (Trang 219)
495,Ly dưới dạ,Ly dưới dạ,Đỗ Tất Lợi (Trang 220)
496,Đau ră,Đau ră,Đỗ Tất Lợi (Trang 220)
497,"Băng huyết,","Băng huyết,",Đỗ Tất Lợi (Trang 220)
498,Ly có kết quả với tên địa phươ,Ly có kết quả với tên địa phươ,Đỗ Tất Lợi (Trang 220)
499,"Ly, táo bón và","Ly, táo bón và",Đỗ Tất Lợi (Trang 221)
500,Ỉa chảy và chữa ly,Ỉa chảy và chữa ly,Đỗ Tất Lợi (Trang 222)
501,"Ly, ia chảy dưới","Ly, ia chảy dưới",Đỗ Tất Lợi (Trang 223)
502,Trâu bò đầy,Trâu bò đầy,Đỗ Tất Lợi (Trang 223)
503,"Đi ïa chảy,","Đi ïa chảy,",Đỗ Tất Lợi (Trang 223)
504,Một số bệnh,Một số bệnh,Đỗ Tất Lợi (Trang 223)
505,Có seo gà dùng trong nhân dân,Có seo gà dùng trong nhân dân,Đỗ Tất Lợi (Trang 224)
506,"Ly, thông","Ly, thông",Đỗ Tất Lợi (Trang 224)
507,"Đau bụng, ăn uống khô","Đau bụng, ăn uống khô",Đỗ Tất Lợi (Trang 224)
508,Có vọng cách,Có vọng cách,Đỗ Tất Lợi (Trang 224)
509,Chứ,Chứ,Đỗ Tất Lợi (Trang 225)
510,"Ly mãn tính, toi","Ly mãn tính, toi",Đỗ Tất Lợi (Trang 227)
511,Thấp,Thấp,Đỗ Tất Lợi (Trang 227)
512,Bỏ,Bỏ,Đỗ Tất Lợi (Trang 228)
513,"Hắc lào, sàng lẻ có tác dụ","Hắc lào, sàng lẻ có tác dụ",Đỗ Tất Lợi (Trang 228)
514,Bệnh nấm ngoài đa (đùng cồn,Bệnh nấm ngoài đa (đùng cồn,Đỗ Tất Lợi (Trang 228)
515,"Ho, trừ đờm trên lâm","Ho, trừ đờm trên lâm",Đỗ Tất Lợi (Trang 231)
516,Ho này khóng trở,Ho này khóng trở,Đỗ Tất Lợi (Trang 231)
517,Hơ của mã đề,Hơ của mã đề,Đỗ Tất Lợi (Trang 231)
518,Ho giố,Ho giố,Đỗ Tất Lợi (Trang 231)
519,"Các bệnh mụn nhọt, viêm cổ họ","Các bệnh mụn nhọt, viêm cổ họ",Đỗ Tất Lợi (Trang 231)
520,"Cao huyết áp có kết quả, ngày hái 20-3","Cao huyết áp có kết quả, ngày hái 20-3",Đỗ Tất Lợi (Trang 231)
521,"Để khó, ho, trừ đờm, chỉ tả (cảm đi","Để khó, ho, trừ đờm, chỉ tả (cảm đi",Đỗ Tất Lợi (Trang 231)
522,"Ho lâu ngày, viêm khí","Ho lâu ngày, viêm khí",Đỗ Tất Lợi (Trang 231)
523,Bệnh thủy,Bệnh thủy,Đỗ Tất Lợi (Trang 232)
524,Thủy thững,Thủy thững,Đỗ Tất Lợi (Trang 232)
525,Có cỏ tranh,Có cỏ tranh,Đỗ Tất Lợi (Trang 234)
526,Phổi nó,Phổi nó,Đỗ Tất Lợi (Trang 234)
527,Xung huyết,Xung huyết,Đỗ Tất Lợi (Trang 235)
528,"Sợ hãi, mất","Sợ hãi, mất",Đỗ Tất Lợi (Trang 237)
529,Hỏi hộp mất,Hỏi hộp mất,Đỗ Tất Lợi (Trang 238)
530,Các trường,Các trường,Đỗ Tất Lợi (Trang 238)
531,Bệnh thúy thăng,Bệnh thúy thăng,Đỗ Tất Lợi (Trang 238)
532,Chữa phù thũ,Chữa phù thũ,Đỗ Tất Lợi (Trang 238)
533,"Tiểu tiện khó khăn, tâm phiển mất","Tiểu tiện khó khăn, tâm phiển mất",Đỗ Tất Lợi (Trang 239)
534,"Sốt, an thân, mất","Sốt, an thân, mất",Đỗ Tất Lợi (Trang 239)
535,Có đăng tâm thảo,Có đăng tâm thảo,Đỗ Tất Lợi (Trang 239)
536,Phù và mất,Phù và mất,Đỗ Tất Lợi (Trang 239)
537,Thủy thũ,Thủy thũ,Đỗ Tất Lợi (Trang 240)
538,Lợi sữa,Lợi sữa,Đỗ Tất Lợi (Trang 240)
539,"Sốt), sao vàng để tả hỏa","Sốt), sao vàng để tả hỏa",Đỗ Tất Lợi (Trang 241)
540,Có dành dành,Có dành dành,Đỗ Tất Lợi (Trang 241)
541,"Vàng da, vàng mất, viêm","Vàng da, vàng mất, viêm",Đỗ Tất Lợi (Trang 241)
542,Người bị,Người bị,Đỗ Tất Lợi (Trang 242)
543,Trẻ con sốt nóng điên cuồng ăn không,Trẻ con sốt nóng điên cuồng ăn không,Đỗ Tất Lợi (Trang 242)
544,Có,Có,Đỗ Tất Lợi (Trang 245)
545,Thổ huyết máu cam,Thổ huyết máu cam,Đỗ Tất Lợi (Trang 245)
546,Kinh nghiệm chữa điền cuồng,Kinh nghiệm chữa điền cuồng,Đỗ Tất Lợi (Trang 245)
547,Khói một,Khói một,Đỗ Tất Lợi (Trang 245)
548,Cao dán nhọt (kinh nghiệm của,Cao dán nhọt (kinh nghiệm của,Đỗ Tất Lợi (Trang 245)
549,"Đau bụng, kém tiêu hóa, đau gan, dạ dày, ho","Đau bụng, kém tiêu hóa, đau gan, dạ dày, ho",Đỗ Tất Lợi (Trang 245)
550,"Táo bón, bệnh về","Táo bón, bệnh về",Đỗ Tất Lợi (Trang 246)
551,Ho gà dưới,Ho gà dưới,Đỗ Tất Lợi (Trang 246)
552,Có mặt lợn hay mật bò,Có mặt lợn hay mật bò,Đỗ Tất Lợi (Trang 247)
553,"Viêm mật, viêm gan, vàng đa, rối","Viêm mật, viêm gan, vàng đa, rối",Đỗ Tất Lợi (Trang 247)
554,Một số trường hợp phù,Một số trường hợp phù,Đỗ Tất Lợi (Trang 248)
555,"§ ca phù suy tím khỏi 3, không khỏi 4, 1","§ ca phù suy tím khỏi 3, không khỏi 4, 1",Đỗ Tất Lợi (Trang 248)
556,Những triệu chứ,Những triệu chứ,Đỗ Tất Lợi (Trang 249)
557,"Những vết nhãn, đa xù xì, những vết tàn","Những vết nhãn, đa xù xì, những vết tàn",Đỗ Tất Lợi (Trang 250)
558,"Ly, nhiệt và ỉa chảy (kinh nghiệm này có ghí","Ly, nhiệt và ỉa chảy (kinh nghiệm này có ghí",Đỗ Tất Lợi (Trang 250)
559,Có dưa chuột dù,Có dưa chuột dù,Đỗ Tất Lợi (Trang 250)
560,Né môi,Né môi,Đỗ Tất Lợi (Trang 251)
561,Phỏng lửa chưa phô,Phỏng lửa chưa phô,Đỗ Tất Lợi (Trang 251)
562,"Bạch đới, khí hư, mất","Bạch đới, khí hư, mất",Đỗ Tất Lợi (Trang 253)
563,"Rấn độc, bã đắp lên những chỗ sưng đau","Rấn độc, bã đắp lên những chỗ sưng đau",Đỗ Tất Lợi (Trang 253)
564,"Bệnh da vàng,","Bệnh da vàng,",Đỗ Tất Lợi (Trang 254)
565,Giun như sau; quả cổ may 20g sao và,Giun như sau; quả cổ may 20g sao và,Đỗ Tất Lợi (Trang 254)
566,"Vàng da do rượu, tiểu tiện ra","Vàng da do rượu, tiểu tiện ra",Đỗ Tất Lợi (Trang 256)
567,"Sốt, thủy thũng, thân thể bị vàng, tiểu tiện","Sốt, thủy thũng, thân thể bị vàng, tiểu tiện",Đỗ Tất Lợi (Trang 256)
568,Có hoa hiên dùng trong nhân dân,Có hoa hiên dùng trong nhân dân,Đỗ Tất Lợi (Trang 256)
569,Các triệu chứ,Các triệu chứ,Đỗ Tất Lợi (Trang 257)
570,Có dây lõi tiền,Có dây lõi tiền,Đỗ Tất Lợi (Trang 257)
571,"Các triệu chứng tiểu tiện khó khăn, đái","Các triệu chứng tiểu tiện khó khăn, đái",Đỗ Tất Lợi (Trang 257)
572,Có mộc tặc,Có mộc tặc,Đỗ Tất Lợi (Trang 258)
573,Bệnh phù thũng,Bệnh phù thũng,Đỗ Tất Lợi (Trang 258)
574,"Thấp nhiệt lâm bệnh, tiểu tiện khó khăn,","Thấp nhiệt lâm bệnh, tiểu tiện khó khăn,",Đỗ Tất Lợi (Trang 260)
575,Tiểu,Tiểu,Đỗ Tất Lợi (Trang 260)
576,Có mộc thông dùng tro,Có mộc thông dùng tro,Đỗ Tất Lợi (Trang 260)
577,Khó tiểu tiện hay tiểu tiện đau buốt,Khó tiểu tiện hay tiểu tiện đau buốt,Đỗ Tất Lợi (Trang 260)
578,"Phù thũng, tiểu tiện khó","Phù thũng, tiểu tiện khó",Đỗ Tất Lợi (Trang 261)
579,"Các bệnh bạo thủy, chưng","Các bệnh bạo thủy, chưng",Đỗ Tất Lợi (Trang 263)
580,Bệnh huyết hấp trùng (schistosomiasis) gây ra,Bệnh huyết hấp trùng (schistosomiasis) gây ra,Đỗ Tất Lợi (Trang 263)
581,Có đầu sòi và vẻ sòi dù,Có đầu sòi và vẻ sòi dù,Đỗ Tất Lợi (Trang 263)
582,"Chữa mụn nhọt mẩn ngứa, nưỡc","Chữa mụn nhọt mẩn ngứa, nưỡc",Đỗ Tất Lợi (Trang 263)
583,"Bệnh thủy thũng, bụng","Bệnh thủy thũng, bụng",Đỗ Tất Lợi (Trang 263)
584,Chữa bệnh huyết hấp trùng trong nhân dân,Chữa bệnh huyết hấp trùng trong nhân dân,Đỗ Tất Lợi (Trang 263)
585,Gia,Gia,Đỗ Tất Lợi (Trang 263)
586,"Bệnh bụng trướng, thí","Bệnh bụng trướng, thí",Đỗ Tất Lợi (Trang 263)
587,"Sốt quá hóa điên cuồng, ngoài","Sốt quá hóa điên cuồng, ngoài",Đỗ Tất Lợi (Trang 266)
588,"Sốt, sốt cách nhật, trong bụng","Sốt, sốt cách nhật, trong bụng",Đỗ Tất Lợi (Trang 266)
589,Phù,Phù,Đỗ Tất Lợi (Trang 266)
590,Vết thươ,Vết thươ,Đỗ Tất Lợi (Trang 267)
591,Có mần tưới dùng trong nhân dân,Có mần tưới dùng trong nhân dân,Đỗ Tất Lợi (Trang 268)
592,"Sốt, giúp sự tiêu hóa","Sốt, giúp sự tiêu hóa",Đỗ Tất Lợi (Trang 268)
593,"Trẻ con bị phù nẻ, thũng trướng, dùng","Trẻ con bị phù nẻ, thũng trướng, dùng",Đỗ Tất Lợi (Trang 270)
594,"Bí tiểu tiện, thủy thũng, tích","Bí tiểu tiện, thủy thũng, tích",Đỗ Tất Lợi (Trang 271)
595,Có củ cói,Có củ cói,Đỗ Tất Lợi (Trang 271)
596,Trẻ con gây yếu,Trẻ con gây yếu,Đỗ Tất Lợi (Trang 271)
597,"Bệnh tràng nhạc, bướu","Bệnh tràng nhạc, bướu",Đỗ Tất Lợi (Trang 272)
598,Sài đầu (te,Sài đầu (te,Đỗ Tất Lợi (Trang 274)
599,"Sốt,","Sốt,",Đỗ Tất Lợi (Trang 274)
600,Mắt và rửa vết thương cho chó,Mắt và rửa vết thương cho chó,Đỗ Tất Lợi (Trang 274)
601,"25 người (23 nữ, 2 nam) bị","25 người (23 nữ, 2 nam) bị",Đỗ Tất Lợi (Trang 274)
602,Đi,Đi,Đỗ Tất Lợi (Trang 277)
603,"Sốt giải độc,","Sốt giải độc,",Đỗ Tất Lợi (Trang 278)
604,"Phầ thũng, dùng,","Phầ thũng, dùng,",Đỗ Tất Lợi (Trang 279)
605,Có đậu đỏ nhỏ,Có đậu đỏ nhỏ,Đỗ Tất Lợi (Trang 279)
606,Đái ra máu,Đái ra máu,Đỗ Tất Lợi (Trang 279)
607,"Sốt và lợi tiểu, dùng trong những","Sốt và lợi tiểu, dùng trong những",Đỗ Tất Lợi (Trang 281)
608,Và,Và,Đỗ Tất Lợi (Trang 281)
609,Có nước mía,Có nước mía,Đỗ Tất Lợi (Trang 282)
610,"Ăn vào nôn ra, hoặc sáng ăn chiều","Ăn vào nôn ra, hoặc sáng ăn chiều",Đỗ Tất Lợi (Trang 282)
611,"Bệnh sỏi túi mật, sôi thận, bàng quang,","Bệnh sỏi túi mật, sôi thận, bàng quang,",Đỗ Tất Lợi (Trang 283)
612,Sỏi thận của,Sỏi thận của,Đỗ Tất Lợi (Trang 284)
613,"Những cơn đau thắt bụng,","Những cơn đau thắt bụng,",Đỗ Tất Lợi (Trang 284)
614,"Ho ra máu, nôn ra máu,","Ho ra máu, nôn ra máu,",Đỗ Tất Lợi (Trang 285)
615,"Vàng da, vàng mắt, viêm","Vàng da, vàng mắt, viêm",Đỗ Tất Lợi (Trang 285)
616,Có vị móng lưng rồng,Có vị móng lưng rồng,Đỗ Tất Lợi (Trang 285)
617,"Váng đâu, hoa mất, và","Váng đâu, hoa mất, và",Đỗ Tất Lợi (Trang 285)
618,"Phụ nữ sau khi đẻ kém ăn, đa vàng,","Phụ nữ sau khi đẻ kém ăn, đa vàng,",Đỗ Tất Lợi (Trang 285)
619,"Rấn cắn,","Rấn cắn,",Đỗ Tất Lợi (Trang 287)
620,Gồm nhiều vị,Gồm nhiều vị,Đỗ Tất Lợi (Trang 287)
621,Viêm bàng,Viêm bàng,Đỗ Tất Lợi (Trang 287)
622,Những trường hợp,Những trường hợp,Đỗ Tất Lợi (Trang 288)
623,Những trường hợp sỏi thận,Những trường hợp sỏi thận,Đỗ Tất Lợi (Trang 288)
624,"Tê thấp, đau bụ","Tê thấp, đau bụ",Đỗ Tất Lợi (Trang 288)
625,"Chậm tiêu, đau bụ","Chậm tiêu, đau bụ",Đỗ Tất Lợi (Trang 288)
626,Đi tiểu nước tiểu và,Đi tiểu nước tiểu và,Đỗ Tất Lợi (Trang 289)
627,Có khế rừng đùng tro,Có khế rừng đùng tro,Đỗ Tất Lợi (Trang 289)
628,"Tiểu tiện khó khăn, nước tiểu và","Tiểu tiện khó khăn, nước tiểu và",Đỗ Tất Lợi (Trang 289)
629,Bệnh tiêu khát,Bệnh tiêu khát,Đỗ Tất Lợi (Trang 289)
630,Những trường hợp tà khí ở trong,Những trường hợp tà khí ở trong,Đỗ Tất Lợi (Trang 291)
631,"Những trường hợp phù nề, ngực bụng","Những trường hợp phù nề, ngực bụng",Đỗ Tất Lợi (Trang 291)
632,Có vị thương lục ghỉ tro,Có vị thương lục ghỉ tro,Đỗ Tất Lợi (Trang 292)
633,"Chứng trong bụng có hòn cứng, đau","Chứng trong bụng có hòn cứng, đau",Đỗ Tất Lợi (Trang 292)
634,Chứng dau cổ họng,Chứng dau cổ họng,Đỗ Tất Lợi (Trang 292)
635,"Sốt, đùng ngoài làm thuốc sát trù","Sốt, đùng ngoài làm thuốc sát trù",Đỗ Tất Lợi (Trang 294)
636,Có dứa bà,Có dứa bà,Đỗ Tất Lợi (Trang 294)
637,Can thận âm,Can thận âm,Đỗ Tất Lợi (Trang 298)
638,Bệnh bỏ,Bệnh bỏ,Đỗ Tất Lợi (Trang 298)
639,"Bệnh nấm ở ngoài đa, làm thuốc mọc tóc (sắc","Bệnh nấm ở ngoài đa, làm thuốc mọc tóc (sắc",Đỗ Tất Lợi (Trang 298)
640,"Giun, nhuận tràng, thô","Giun, nhuận tràng, thô",Đỗ Tất Lợi (Trang 299)
641,Có nghề,Có nghề,Đỗ Tất Lợi (Trang 299)
642,Bệnh ho ra máu (2-,Bệnh ho ra máu (2-,Đỗ Tất Lợi (Trang 300)
643,"Bệnh đi ỉa ra máu, thổ huyết, ho ra","Bệnh đi ỉa ra máu, thổ huyết, ho ra",Đỗ Tất Lợi (Trang 301)
644,Có long nha thảo,Có long nha thảo,Đỗ Tất Lợi (Trang 302)
645,Hồi hộp,Hồi hộp,Đỗ Tất Lợi (Trang 304)
646,Có trắc bách điệp,Có trắc bách điệp,Đỗ Tất Lợi (Trang 304)
647,"Thổ huyết, chảy máu","Thổ huyết, chảy máu",Đỗ Tất Lợi (Trang 306)
648,"Ỉa lổng, tro","Ỉa lổng, tro",Đỗ Tất Lợi (Trang 307)
649,"Xích bạch ly, trĩ chảy","Xích bạch ly, trĩ chảy",Đỗ Tất Lợi (Trang 308)
650,Có thanh tươ,Có thanh tươ,Đỗ Tất Lợi (Trang 308)
651,"Dạ dày, ruột chảy máu, tử cung xuất","Dạ dày, ruột chảy máu, tử cung xuất",Đỗ Tất Lợi (Trang 308)
652,"Chảy máu cam, chẩy máu chân ră","Chảy máu cam, chẩy máu chân ră",Đỗ Tất Lợi (Trang 308)
653,Có bách thảo sương dù,Có bách thảo sương dù,Đỗ Tất Lợi (Trang 308)
654,Chảy máu chân răng,Chảy máu chân răng,Đỗ Tất Lợi (Trang 308)
655,Chốc đầu,Chốc đầu,Đỗ Tất Lợi (Trang 308)
656,Tả ly,Tả ly,Đỗ Tất Lợi (Trang 308)
657,Mọi chứ,Mọi chứ,Đỗ Tất Lợi (Trang 311)
658,"Xích bạch ly, trĩ ra máu, thổ","Xích bạch ly, trĩ ra máu, thổ",Đỗ Tất Lợi (Trang 314)
659,"Đương ủy, phong thấp cước","Đương ủy, phong thấp cước",Đỗ Tất Lợi (Trang 319)
660,"Bệnh phong thấp,","Bệnh phong thấp,",Đỗ Tất Lợi (Trang 319)
661,360 trường kết,360 trường kết,Đỗ Tất Lợi (Trang 319)
662,Khác có ba kích,Khác có ba kích,Đỗ Tất Lợi (Trang 319)
663,Trẻ con hàn nhiệt,Trẻ con hàn nhiệt,Đỗ Tất Lợi (Trang 320)
664,Có câu đằ,Có câu đằ,Đỗ Tất Lợi (Trang 320)
665,Bệnh cao huyết áp (bác sĩ đặ,Bệnh cao huyết áp (bác sĩ đặ,Đỗ Tất Lợi (Trang 321)
666,"Bệnh nhức mỏi, đau lưng (có","Bệnh nhức mỏi, đau lưng (có",Đỗ Tất Lợi (Trang 322)
667,"Mụn nhọt, làm","Mụn nhọt, làm",Đỗ Tất Lợi (Trang 322)
668,"Ly, đi ngoài, chữa","Ly, đi ngoài, chữa",Đỗ Tất Lợi (Trang 322)
669,Những người hay nhức đầu chó,Những người hay nhức đầu chó,Đỗ Tất Lợi (Trang 322)
670,Đái đường) fình cờ tách ra được một,Đái đường) fình cờ tách ra được một,Đỗ Tất Lợi (Trang 323)
671,Bệnh đái,Bệnh đái,Đỗ Tất Lợi (Trang 324)
672,Các khối u cho nên khi mua,Các khối u cho nên khi mua,Đỗ Tất Lợi (Trang 324)
673,"Đau lưng, đi tiểu nhiều, chân","Đau lưng, đi tiểu nhiều, chân",Đỗ Tất Lợi (Trang 325)
674,Có đỗ trọng,Có đỗ trọng,Đỗ Tất Lợi (Trang 326)
675,Trong đô,Trong đô,Đỗ Tất Lợi (Trang 326)
676,Các bệnh sau,Các bệnh sau,Đỗ Tất Lợi (Trang 326)
677,-jfð§,-jfð§,Đỗ Tất Lợi (Trang 328)
678,"Sốt, chữa cảm mạo, ho cảm, cầm máu,","Sốt, chữa cảm mạo, ho cảm, cầm máu,",Đỗ Tất Lợi (Trang 328)
679,"Hàn nhiệt vãng lại, phế","Hàn nhiệt vãng lại, phế",Đỗ Tất Lợi (Trang 328)
680,Có hoàng cầm trong kinh,Có hoàng cầm trong kinh,Đỗ Tất Lợi (Trang 328)
681,"Các bệnh đổ máu cam,","Các bệnh đổ máu cam,",Đỗ Tất Lợi (Trang 328)
682,Huyết áp,Huyết áp,Đỗ Tất Lợi (Trang 330)
683,Một số bệnh ngoài da tuy nhiên,Một số bệnh ngoài da tuy nhiên,Đỗ Tất Lợi (Trang 332)
684,Hủi hay chữa bệnh nấm ở tóc,Hủi hay chữa bệnh nấm ở tóc,Đỗ Tất Lợi (Trang 334)
685,Bệnh động kinh và giảm đau nhưng cũ,Bệnh động kinh và giảm đau nhưng cũ,Đỗ Tất Lợi (Trang 335)
686,Đau bụng và gây đi la mạnh nhưng việc sử dụng,Đau bụng và gây đi la mạnh nhưng việc sử dụng,Đỗ Tất Lợi (Trang 337)
687,Bệnh gút (thống phong),Bệnh gút (thống phong),Đỗ Tất Lợi (Trang 348)
688,"Bệnh thống phong,","Bệnh thống phong,",Đỗ Tất Lợi (Trang 349)
689,Uốn ván vì nó loại trừ,Uốn ván vì nó loại trừ,Đỗ Tất Lợi (Trang 351)
690,Tim trong lá ø,Tim trong lá ø,Đỗ Tất Lợi (Trang 358)
691,Tìm trong lá digialis chỉ thấy có cù,Tìm trong lá digialis chỉ thấy có cù,Đỗ Tất Lợi (Trang 358)
692,Rấn rết côn trù,Rấn rết côn trù,Đỗ Tất Lợi (Trang 361)
693,Bệnh cho gia,Bệnh cho gia,Đỗ Tất Lợi (Trang 361)
694,"Ghẻ, chấy rận, bọ chó","Ghẻ, chấy rận, bọ chó",Đỗ Tất Lợi (Trang 361)
695,"Hầu tê, thường dùng trị giun đũa,","Hầu tê, thường dùng trị giun đũa,",Đỗ Tất Lợi (Trang 367)
696,Có sơn,Có sơn,Đỗ Tất Lợi (Trang 367)
697,Ghẻ đưới dạ,Ghẻ đưới dạ,Đỗ Tất Lợi (Trang 368)
698,"Tim, trong thí nghiệm và trên lâm sàng, thuốc","Tim, trong thí nghiệm và trên lâm sàng, thuốc",Đỗ Tất Lợi (Trang 372)
699,Tả,Tả,Đỗ Tất Lợi (Trang 372)
700,"Các bệnh vẻ tìm mạch, cao huyết","Các bệnh vẻ tìm mạch, cao huyết",Đỗ Tất Lợi (Trang 372)
701,Có sơn tra dùng trong đô,Có sơn tra dùng trong đô,Đỗ Tất Lợi (Trang 372)
702,Chữa ăn uống khô,Chữa ăn uống khô,Đỗ Tất Lợi (Trang 372)
703,Hóc xươ,Hóc xươ,Đỗ Tất Lợi (Trang 372)
704,"Bốn mùa cảm mạo, ăn uống khô","Bốn mùa cảm mạo, ăn uống khô",Đỗ Tất Lợi (Trang 373)
705,Các bệnh cảm,Các bệnh cảm,Đỗ Tất Lợi (Trang 374)
706,Ăn uống khô,Ăn uống khô,Đỗ Tất Lợi (Trang 375)
707,Bệnì,Bệnì,Đỗ Tất Lợi (Trang 375)
708,Tim d,Tim d,Đỗ Tất Lợi (Trang 377)
709,Các vết tàn hươ,Các vết tàn hươ,Đỗ Tất Lợi (Trang 377)
710,Trai chân và hột,Trai chân và hột,Đỗ Tất Lợi (Trang 377)
711,Bệnh biếng ăn của bò,Bệnh biếng ăn của bò,Đỗ Tất Lợi (Trang 377)
712,"Bệnh ho,","Bệnh ho,",Đỗ Tất Lợi (Trang 377)
713,Viêm niêm mạc cổ,Viêm niêm mạc cổ,Đỗ Tất Lợi (Trang 378)
714,Quáng,Quáng,Đỗ Tất Lợi (Trang 378)
715,Hay không có chửa,Hay không có chửa,Đỗ Tất Lợi (Trang 380)
716,"Sa tử cung,","Sa tử cung,",Đỗ Tất Lợi (Trang 380)
717,Có chỉ thực và chỉ xác,Có chỉ thực và chỉ xác,Đỗ Tất Lợi (Trang 380)
718,Của trương trọ,Của trương trọ,Đỗ Tất Lợi (Trang 380)
719,"Chữa trở con đi ly, ăn uống thất","Chữa trở con đi ly, ăn uống thất",Đỗ Tất Lợi (Trang 380)
720,Đại tiện khó khăn,Đại tiện khó khăn,Đỗ Tất Lợi (Trang 380)
721,Ngực bụ,Ngực bụ,Đỗ Tất Lợi (Trang 381)
722,Có địa liền,Có địa liền,Đỗ Tất Lợi (Trang 381)
723,"Ngoại cảm, biểu chứng,","Ngoại cảm, biểu chứng,",Đỗ Tất Lợi (Trang 383)
724,"Nhức đâu, lạnh bụng, nôn oe, có đờm","Nhức đâu, lạnh bụng, nôn oe, có đờm",Đỗ Tất Lợi (Trang 383)
725,Những trường hợp trong,Những trường hợp trong,Đỗ Tất Lợi (Trang 384)
726,Bụng,Bụng,Đỗ Tất Lợi (Trang 385)
727,Đai,Đai,Đỗ Tất Lợi (Trang 385)
728,"Ho, hen, làm","Ho, hen, làm",Đỗ Tất Lợi (Trang 385)
729,Ră,Ră,Đỗ Tất Lợi (Trang 387)
730,Bổ kích thích tiêu hoá,Bổ kích thích tiêu hoá,Đỗ Tất Lợi (Trang 387)
731,"Đi lỏng, ăn vào nôn ra","Đi lỏng, ăn vào nôn ra",Đỗ Tất Lợi (Trang 387)
732,Có hậu phác,Có hậu phác,Đỗ Tất Lợi (Trang 389)
733,"Đau bụng, viêm ruột, đi ly","Đau bụng, viêm ruột, đi ly",Đỗ Tất Lợi (Trang 389)
734,Chữa đau bụng,Chữa đau bụng,Đỗ Tất Lợi (Trang 389)
735,"Cảm mạo, nhức đảu,","Cảm mạo, nhức đảu,",Đỗ Tất Lợi (Trang 390)
736,"Ăn uống không tiêu, đau","Ăn uống không tiêu, đau",Đỗ Tất Lợi (Trang 390)
737,"Chữa ăn uống không tiêu, hay","Chữa ăn uống không tiêu, hay",Đỗ Tất Lợi (Trang 390)
738,Có lo,Có lo,Đỗ Tất Lợi (Trang 391)
739,"Ngực bụng đau,","Ngực bụng đau,",Đỗ Tất Lợi (Trang 392)
740,"Ho, kinh nguyệt bế","Ho, kinh nguyệt bế",Đỗ Tất Lợi (Trang 393)
741,Có nga truật,Có nga truật,Đỗ Tất Lợi (Trang 393)
742,Đông y chữa trẻ con bú sữa bị,Đông y chữa trẻ con bú sữa bị,Đỗ Tất Lợi (Trang 393)
743,Có ngô thù âu,Có ngô thù âu,Đỗ Tất Lợi (Trang 394)
744,"Chữa nôn mứa, không ï4","Chữa nôn mứa, không ï4",Đỗ Tất Lợi (Trang 394)
745,Giúp sự tiêu hóa,Giúp sự tiêu hóa,Đỗ Tất Lợi (Trang 394)
746,Nhức răng,Nhức răng,Đỗ Tất Lợi (Trang 394)
747,"Đau người, đau lư","Đau người, đau lư",Đỗ Tất Lợi (Trang 396)
748,"Những người phụ nữ bị lao lực, bị mệt","Những người phụ nữ bị lao lực, bị mệt",Đỗ Tất Lợi (Trang 397)
749,Bệnh cho nam giới không,Bệnh cho nam giới không,Đỗ Tất Lợi (Trang 399)
750,"Sa đì (thiên trụy, hòn đái sưng,","Sa đì (thiên trụy, hòn đái sưng,",Đỗ Tất Lợi (Trang 400)
751,Có trần bì và hạt quít,Có trần bì và hạt quít,Đỗ Tất Lợi (Trang 400)
752,Ho mất tiếng,Ho mất tiếng,Đỗ Tất Lợi (Trang 400)
753,"Đây hơi,","Đây hơi,",Đỗ Tất Lợi (Trang 402)
754,Có cao lương khương,Có cao lương khương,Đỗ Tất Lợi (Trang 402)
755,"Sốt, sốt rét, kêm ăn","Sốt, sốt rét, kêm ăn",Đỗ Tất Lợi (Trang 402)
756,"Thần kinh suy nhược,","Thần kinh suy nhược,",Đỗ Tất Lợi (Trang 404)
757,Có xươ,Có xươ,Đỗ Tất Lợi (Trang 404)
758,"Các chứng đau bụng, xích bạch","Các chứng đau bụng, xích bạch",Đỗ Tất Lợi (Trang 405)
759,"Nôn œe, ăn luôn tóc khô","Nôn œe, ăn luôn tóc khô",Đỗ Tất Lợi (Trang 405)
760,Có bạch biển đậu dùng tro,Có bạch biển đậu dùng tro,Đỗ Tất Lợi (Trang 405)
761,"Đau bụng, không","Đau bụng, không",Đỗ Tất Lợi (Trang 405)
762,Chữa xích bạch đới,Chữa xích bạch đới,Đỗ Tất Lợi (Trang 406)
763,Trúng độc,Trúng độc,Đỗ Tất Lợi (Trang 406)
764,"Sốt, an thai, bổ máu, dùng","Sốt, an thai, bổ máu, dùng",Đỗ Tất Lợi (Trang 407)
765,Tỳ hư trướng mãn,Tỳ hư trướng mãn,Đỗ Tất Lợi (Trang 407)
766,Có thươ,Có thươ,Đỗ Tất Lợi (Trang 408)
767,"Cấp tính, mãn tính viêm dạ","Cấp tính, mãn tính viêm dạ",Đỗ Tất Lợi (Trang 408)
768,Đi ia lỏng,Đi ia lỏng,Đỗ Tất Lợi (Trang 408)
769,Mụn nhọt mẩn,Mụn nhọt mẩn,Đỗ Tất Lợi (Trang 409)
770,Đi ia lỏng lâu,Đi ia lỏng lâu,Đỗ Tất Lợi (Trang 409)
771,Có lá đơn đỏ dùng tro,Có lá đơn đỏ dùng tro,Đỗ Tất Lợi (Trang 409)
772,Đi ỉa lỏng lâu ngày,Đi ỉa lỏng lâu ngày,Đỗ Tất Lợi (Trang 409)
773,"Zona và mẩn ngứa, mất ngủ","Zona và mẩn ngứa, mất ngủ",Đỗ Tất Lợi (Trang 409)
774,Ngực,Ngực,Đỗ Tất Lợi (Trang 412)
775,Đau bụng đi ly và cho vào quần áo,Đau bụng đi ly và cho vào quần áo,Đỗ Tất Lợi (Trang 412)
776,Có mộc hương,Có mộc hương,Đỗ Tất Lợi (Trang 412)
777,Có sa nhân dùng trong đông y,Có sa nhân dùng trong đông y,Đỗ Tất Lợi (Trang 417)
778,"Chữa ăn uống không tiêu, nôn muữa,","Chữa ăn uống không tiêu, nôn muữa,",Đỗ Tất Lợi (Trang 417)
779,"Đau dạ dày, đầy bụng,","Đau dạ dày, đầy bụng,",Đỗ Tất Lợi (Trang 418)
780,Chứng lợm giọ,Chứng lợm giọ,Đỗ Tất Lợi (Trang 418)
781,"Dạ dày lạnh đau, nôn ra","Dạ dày lạnh đau, nôn ra",Đỗ Tất Lợi (Trang 419)
782,"Nôn mửa, đi tả, bụ","Nôn mửa, đi tả, bụ",Đỗ Tất Lợi (Trang 420)
783,Có ích trí nhân dùng tro,Có ích trí nhân dùng tro,Đỗ Tất Lợi (Trang 421)
784,"Lạnh bụng, đau bụ","Lạnh bụng, đau bụ",Đỗ Tất Lợi (Trang 423)
785,"Tê thấp,","Tê thấp,",Đỗ Tất Lợi (Trang 423)
786,"Bệnh kém ăn, ăn uống không tiêu","Bệnh kém ăn, ăn uống không tiêu",Đỗ Tất Lợi (Trang 423)
787,"Sốt rét, tiêu","Sốt rét, tiêu",Đỗ Tất Lợi (Trang 425)
788,Có thảo quả dùng trong nhân dân,Có thảo quả dùng trong nhân dân,Đỗ Tất Lợi (Trang 425)
789,"Sốt, sốt rét, đặc biệt dùng tro","Sốt, sốt rét, đặc biệt dùng tro",Đỗ Tất Lợi (Trang 425)
790,Bệnh không tru,Bệnh không tru,Đỗ Tất Lợi (Trang 426)
791,Những trường hợp ăn uống,Những trường hợp ăn uống,Đỗ Tất Lợi (Trang 428)
792,"Đau bụng, đau mắt và rừa vết loét, rong kinh do","Đau bụng, đau mắt và rừa vết loét, rong kinh do",Đỗ Tất Lợi (Trang 430)
793,Đau dạ dày có tă,Đau dạ dày có tă,Đỗ Tất Lợi (Trang 430)
794,Có quả mùi trong nhân dân,Có quả mùi trong nhân dân,Đỗ Tất Lợi (Trang 433)
795,Bệnh thiên,Bệnh thiên,Đỗ Tất Lợi (Trang 435)
796,Một số bệnh đường,Một số bệnh đường,Đỗ Tất Lợi (Trang 438)
797,"Đau bụng, ăn uốn;","Đau bụng, ăn uốn;",Đỗ Tất Lợi (Trang 439)
798,"Ho, sốt, phù thũ","Ho, sốt, phù thũ",Đỗ Tất Lợi (Trang 440)
799,Có thanh ngám,Có thanh ngám,Đỗ Tất Lợi (Trang 441)
800,Đi ïa,Đi ïa,Đỗ Tất Lợi (Trang 443)
801,Xích bạch ly,Xích bạch ly,Đỗ Tất Lợi (Trang 443)
802,Ho lâu ngày,Ho lâu ngày,Đỗ Tất Lợi (Trang 443)
803,Đi ỉa lỏ,Đi ỉa lỏ,Đỗ Tất Lợi (Trang 444)
804,"Đau bụng đi ia tông, chữa ly, có khi còn dùng","Đau bụng đi ia tông, chữa ly, có khi còn dùng",Đỗ Tất Lợi (Trang 444)
805,"Phế hư sinh ho, ly lâu","Phế hư sinh ho, ly lâu",Đỗ Tất Lợi (Trang 446)
806,Đau bụng đi ía lỏng,Đau bụng đi ía lỏng,Đỗ Tất Lợi (Trang 446)
807,"Đi ïa lỏng, khi chín, quả ổi hơi cé","Đi ïa lỏng, khi chín, quả ổi hơi cé",Đỗ Tất Lợi (Trang 447)
808,Đ,Đ,Đỗ Tất Lợi (Trang 447)
809,"Đau bụng, ăn không","Đau bụng, ăn không",Đỗ Tất Lợi (Trang 448)
810,"Bệnh đi ia lông,","Bệnh đi ia lông,",Đỗ Tất Lợi (Trang 449)
811,Các,Các,Đỗ Tất Lợi (Trang 451)
812,Tó trầm hương,Tó trầm hương,Đỗ Tất Lợi (Trang 451)
813,"Các bệnh vẻ gan, thận, ăn uố","Các bệnh vẻ gan, thận, ăn uố",Đỗ Tất Lợi (Trang 452)
814,"Ỉa chảy trẻ em (y học thực hành, 148, năm","Ỉa chảy trẻ em (y học thực hành, 148, năm",Đỗ Tất Lợi (Trang 453)
815,Bệnh đau thắt,Bệnh đau thắt,Đỗ Tất Lợi (Trang 453)
816,Anecthum,Anecthum,Đỗ Tất Lợi (Trang 454)
817,"Đi ỉa lỏng, và ly với liều 20g-40g","Đi ỉa lỏng, và ly với liều 20g-40g",Đỗ Tất Lợi (Trang 454)
818,"Những bệnh mụn nhọt, làm cho đậu mọc dễ, ăn","Những bệnh mụn nhọt, làm cho đậu mọc dễ, ăn",Đỗ Tất Lợi (Trang 457)
819,Âm nang sư,Âm nang sư,Đỗ Tất Lợi (Trang 457)
820,Bệnh viêm họ,Bệnh viêm họ,Đỗ Tất Lợi (Trang 457)
821,Nhọi,Nhọi,Đỗ Tất Lợi (Trang 457)
822,Nấc,Nấc,Đỗ Tất Lợi (Trang 457)
823,Đậu sang không mọc,Đậu sang không mọc,Đỗ Tất Lợi (Trang 457)
824,Hòn dái sưng đau,Hòn dái sưng đau,Đỗ Tất Lợi (Trang 457)
825,Cước thũ,Cước thũ,Đỗ Tất Lợi (Trang 460)
826,Có khiên,Có khiên,Đỗ Tất Lợi (Trang 461)
827,"Chữa phù thũng, nằm","Chữa phù thũng, nằm",Đỗ Tất Lợi (Trang 461)
828,"Ho, có thể dùng","Ho, có thể dùng",Đỗ Tất Lợi (Trang 463)
829,Bàng quang nóng tiểu tiện không thông,Bàng quang nóng tiểu tiện không thông,Đỗ Tất Lợi (Trang 464)
830,Nhức đầu không chịu được,Nhức đầu không chịu được,Đỗ Tất Lợi (Trang 464)
831,"Ăn uống không tiêu, trong bụng ¡ ạch","Ăn uống không tiêu, trong bụng ¡ ạch",Đỗ Tất Lợi (Trang 464)
832,Có dầu ba đậu,Có dầu ba đậu,Đỗ Tất Lợi (Trang 466)
833,Dau bụ,Dau bụ,Đỗ Tất Lợi (Trang 466)
834,Thủy thũng,Thủy thũng,Đỗ Tất Lợi (Trang 466)
835,Bệnh sót nhau đẻ,Bệnh sót nhau đẻ,Đỗ Tất Lợi (Trang 468)
836,"Để khó, cũng làm như vậy (kinh","Để khó, cũng làm như vậy (kinh",Đỗ Tất Lợi (Trang 468)
837,Hay rửa các mụn,Hay rửa các mụn,Đỗ Tất Lợi (Trang 469)
838,"Bệnh tào bón, tiêu hoá kém, ăn uống","Bệnh tào bón, tiêu hoá kém, ăn uống",Đỗ Tất Lợi (Trang 469)
839,"Hạ ly, ứ huyết, kinh bế thuỷ thũng, thấp","Hạ ly, ứ huyết, kinh bế thuỷ thũng, thấp",Đỗ Tất Lợi (Trang 472)
840,"Kém ãn, ăn không tiêu, da và","Kém ãn, ăn không tiêu, da và",Đỗ Tất Lợi (Trang 472)
841,Có đại hoàng,Có đại hoàng,Đỗ Tất Lợi (Trang 472)
842,Trẻ,Trẻ,Đỗ Tất Lợi (Trang 475)
843,Có lô hội,Có lô hội,Đỗ Tất Lợi (Trang 475)
844,"Bệnh hác lào, bệnh tôcơlô (tokelau), bệnh sang bạc","Bệnh hác lào, bệnh tôcơlô (tokelau), bệnh sang bạc",Đỗ Tất Lợi (Trang 476)
845,Không khỏi,Không khỏi,Đỗ Tất Lợi (Trang 476)
846,Có muồ,Có muồ,Đỗ Tất Lợi (Trang 476)
847,"Ăn uống không tiêu,","Ăn uống không tiêu,",Đỗ Tất Lợi (Trang 478)
848,Thong manh có mà,Thong manh có mà,Đỗ Tất Lợi (Trang 479)
849,"Bệnh đau mắt, người ta cho rằng uống","Bệnh đau mắt, người ta cho rằng uống",Đỗ Tất Lợi (Trang 479)
850,"Chữa đau mắt, cao huyệt áp","Chữa đau mắt, cao huyệt áp",Đỗ Tất Lợi (Trang 479)
851,"Sối, khô","Sối, khô",Đỗ Tất Lợi (Trang 481)
852,"Đau bụng đi ly, táo bón,","Đau bụng đi ly, táo bón,",Đỗ Tất Lợi (Trang 481)
853,Bệnh của hạt vọng giang nam mọc ở các n,Bệnh của hạt vọng giang nam mọc ở các n,Đỗ Tất Lợi (Trang 481)
854,"Vú sưng nứt,","Vú sưng nứt,",Đỗ Tất Lợi (Trang 482)
855,Ráo bón,Ráo bón,Đỗ Tất Lợi (Trang 484)
856,Bệnh bướu cổ,Bệnh bướu cổ,Đỗ Tất Lợi (Trang 484)
857,Ngộ độc đườ,Ngộ độc đườ,Đỗ Tất Lợi (Trang 485)
858,"Gồm nhiều vị với tên sâm, ngày dùng 4","Gồm nhiều vị với tên sâm, ngày dùng 4",Đỗ Tất Lợi (Trang 485)
859,"Hủi, nước sắc","Hủi, nước sắc",Đỗ Tất Lợi (Trang 486)
860,Cảm và,Cảm và,Đỗ Tất Lợi (Trang 487)
861,Ngộ độc,Ngộ độc,Đỗ Tất Lợi (Trang 490)
862,"Táo bón,","Táo bón,",Đỗ Tất Lợi (Trang 490)
863,Lở,Lở,Đỗ Tất Lợi (Trang 490)
864,Có lộc mại,Có lộc mại,Đỗ Tất Lợi (Trang 490)
865,Có me,Có me,Đỗ Tất Lợi (Trang 491)
866,Một số trường,Một số trường,Đỗ Tất Lợi (Trang 497)
867,Đau dạ dày,Đau dạ dày,Đỗ Tất Lợi (Trang 497)
868,Có lá khôi,Có lá khôi,Đỗ Tất Lợi (Trang 497)
869,"Loết mồm,","Loết mồm,",Đỗ Tất Lợi (Trang 497)
870,"Loét mồm,","Loét mồm,",Đỗ Tất Lợi (Trang 499)
871,"Bệnh đau đạ dây thừa nước chua, bồi bổ cơ thể suy","Bệnh đau đạ dây thừa nước chua, bồi bổ cơ thể suy",Đỗ Tất Lợi (Trang 501)
872,"Cốt nhiệt, di tỉnh bă","Cốt nhiệt, di tỉnh bă",Đỗ Tất Lợi (Trang 501)
873,Có mẫu lệ trong đô,Có mẫu lệ trong đô,Đỗ Tất Lợi (Trang 501)
874,"Thổ huyết,","Thổ huyết,",Đỗ Tất Lợi (Trang 503)
875,Có mai mục dùng trong đô,Có mai mục dùng trong đô,Đỗ Tất Lợi (Trang 503)
876,"Đầu choáng mắt hoa, xương đau nhức,","Đầu choáng mắt hoa, xương đau nhức,",Đỗ Tất Lợi (Trang 504)
877,Thong,Thong,Đỗ Tất Lợi (Trang 504)
878,Có thạch quyết mình,Có thạch quyết mình,Đỗ Tất Lợi (Trang 504)
879,Kinh nghiệm tro,Kinh nghiệm tro,Đỗ Tất Lợi (Trang 504)
880,Lành khá mau chóng,Lành khá mau chóng,Đỗ Tất Lợi (Trang 505)
881,"Đau lưng, đau khớp","Đau lưng, đau khớp",Đỗ Tất Lợi (Trang 508)
882,"Bệnh phụ nữ khí hư, bạch","Bệnh phụ nữ khí hư, bạch",Đỗ Tất Lợi (Trang 508)
883,"Phong hàn, thấp tỳ, lưng đau chân mỏi, thất niếu","Phong hàn, thấp tỳ, lưng đau chân mỏi, thất niếu",Đỗ Tất Lợi (Trang 508)
884,Có cẩu tích chữa ngang lư,Có cẩu tích chữa ngang lư,Đỗ Tất Lợi (Trang 508)
885,"Đập xương, đau xương, bong gản, sai khớp,","Đập xương, đau xương, bong gản, sai khớp,",Đỗ Tất Lợi (Trang 509)
886,"Các chứng ù tai, thận","Các chứng ù tai, thận",Đỗ Tất Lợi (Trang 509)
887,Bệnh thủy thũ,Bệnh thủy thũ,Đỗ Tất Lợi (Trang 511)
888,Bệnh nhanh chó,Bệnh nhanh chó,Đỗ Tất Lợi (Trang 512)
889,Chân tay tê,Chân tay tê,Đỗ Tất Lợi (Trang 512)
890,"Đau nhức, tê","Đau nhức, tê",Đỗ Tất Lợi (Trang 512)
891,"Bán thân bất toại, miệng mắt méo đo cảm gió,","Bán thân bất toại, miệng mắt méo đo cảm gió,",Đỗ Tất Lợi (Trang 512)
892,"Phát bối, mọc mụn đầu định ở sau lưng","Phát bối, mọc mụn đầu định ở sau lưng",Đỗ Tất Lợi (Trang 512)
893,Ghi tro,Ghi tro,Đỗ Tất Lợi (Trang 512)
894,Bệnh đẻ,Bệnh đẻ,Đỗ Tất Lợi (Trang 512)
895,Bệnh nhức đâu và một số bệnh,Bệnh nhức đâu và một số bệnh,Đỗ Tất Lợi (Trang 513)
896,"Mụn nhọt bắp chuối, sư","Mụn nhọt bắp chuối, sư",Đỗ Tất Lợi (Trang 513)
897,Nhức đâu,Nhức đâu,Đỗ Tất Lợi (Trang 513)
898,Hen,Hen,Đỗ Tất Lợi (Trang 513)
899,"Phong thấp, khớp xươ","Phong thấp, khớp xươ",Đỗ Tất Lợi (Trang 514)
900,"Tê thấp, bổ gân cốt, giảm đau nhức","Tê thấp, bổ gân cốt, giảm đau nhức",Đỗ Tất Lợi (Trang 514)
901,"Đau xương, ác sang u","Đau xương, ác sang u",Đỗ Tất Lợi (Trang 515)
902,Bệnh vấy nến (psoriasis) bằ,Bệnh vấy nến (psoriasis) bằ,Đỗ Tất Lợi (Trang 516)
903,"Thống phong, pho","Thống phong, pho",Đỗ Tất Lợi (Trang 517)
904,"Bạch trọc,","Bạch trọc,",Đỗ Tất Lợi (Trang 518)
905,"Mụn nhọt, đau gân cốt, lưng gối đau mỏi, nước","Mụn nhọt, đau gân cốt, lưng gối đau mỏi, nước",Đỗ Tất Lợi (Trang 518)
906,Có tỳ giải dùng tro,Có tỳ giải dùng tro,Đỗ Tất Lợi (Trang 518)
907,"Bệnh tiểu tiện đục,","Bệnh tiểu tiện đục,",Đỗ Tất Lợi (Trang 519)
908,"Bệnh, mặc dầu chỉ đùng ngoài để đắp","Bệnh, mặc dầu chỉ đùng ngoài để đắp",Đỗ Tất Lợi (Trang 520)
909,Sưng đầu gối với những triệu chứng,Sưng đầu gối với những triệu chứng,Đỗ Tất Lợi (Trang 520)
910,Tê,Tê,Đỗ Tất Lợi (Trang 520)
911,"Mắt đỏ có màng, đau ră","Mắt đỏ có màng, đau ră",Đỗ Tất Lợi (Trang 522)
912,Thấp nhiệt da,Thấp nhiệt da,Đỗ Tất Lợi (Trang 522)
913,"Những bệnh đau dạ dày, đau","Những bệnh đau dạ dày, đau",Đỗ Tất Lợi (Trang 522)
914,Đau mắt; xoa bóp chữa những,Đau mắt; xoa bóp chữa những,Đỗ Tất Lợi (Trang 522)
915,Có mật gấu,Có mật gấu,Đỗ Tất Lợi (Trang 522)
916,Mắt sư,Mắt sư,Đỗ Tất Lợi (Trang 522)
917,Đau nhức,Đau nhức,Đỗ Tất Lợi (Trang 523)
918,"Tê thấp, do bị ngã, bị thương","Tê thấp, do bị ngã, bị thương",Đỗ Tất Lợi (Trang 524)
919,"Cho súc vật, tự cu","Cho súc vật, tự cu",Đỗ Tất Lợi (Trang 525)
920,Có độc hoạt dùng trong nhân dân,Có độc hoạt dùng trong nhân dân,Đỗ Tất Lợi (Trang 526)
921,"Những trường hợp u xơ, ung thư tử cung","Những trường hợp u xơ, ung thư tử cung",Đỗ Tất Lợi (Trang 528)
922,"Này, thì câu trả lời","Này, thì câu trả lời",Đỗ Tất Lợi (Trang 528)
923,Này không,Này không,Đỗ Tất Lợi (Trang 528)
924,"Bổ thận, thì cân 10 tha","Bổ thận, thì cân 10 tha",Đỗ Tất Lợi (Trang 529)
925,"Những bệnh như thủy thũng, cước khí, thấp","Những bệnh như thủy thũng, cước khí, thấp",Đỗ Tất Lợi (Trang 531)
926,"Các chứng thủy thũng, phong","Các chứng thủy thũng, phong",Đỗ Tất Lợi (Trang 532)
927,Những bệnh như các vị phò,Những bệnh như các vị phò,Đỗ Tất Lợi (Trang 532)
928,Được chứ,Được chứ,Đỗ Tất Lợi (Trang 533)
929,"Nhức đầu và ho, nhân","Nhức đầu và ho, nhân",Đỗ Tất Lợi (Trang 533)
930,Đau xươ,Đau xươ,Đỗ Tất Lợi (Trang 534)
931,Có lá lốt dùng tro,Có lá lốt dùng tro,Đỗ Tất Lợi (Trang 534)
932,Chân tay dau nhức,Chân tay dau nhức,Đỗ Tất Lợi (Trang 534)
933,"Tê thấp, lá dùng đưới dạng thuốc pha 10g","Tê thấp, lá dùng đưới dạng thuốc pha 10g",Đỗ Tất Lợi (Trang 537)
934,"Bệnh đau nhức khớp xương, tê thấp, đau","Bệnh đau nhức khớp xương, tê thấp, đau",Đỗ Tất Lợi (Trang 539)
935,Hủi và những bệnh,Hủi và những bệnh,Đỗ Tất Lợi (Trang 540)
936,"Chó đại cán, chữa hủi, ghẻ và một số bệnh","Chó đại cán, chữa hủi, ghẻ và một số bệnh",Đỗ Tất Lợi (Trang 540)
937,Dùng hoà,Dùng hoà,Đỗ Tất Lợi (Trang 540)
938,"Ghẻ, hoàng nàn thường được dùng","Ghẻ, hoàng nàn thường được dùng",Đỗ Tất Lợi (Trang 540)
939,Có hoàng nàn dùng tro,Có hoàng nàn dùng tro,Đỗ Tất Lợi (Trang 540)
940,Chữa tê thấp (theo kinh nghiệm của,Chữa tê thấp (theo kinh nghiệm của,Đỗ Tất Lợi (Trang 540)
941,"Nhức xương, sưng đầu","Nhức xương, sưng đầu",Đỗ Tất Lợi (Trang 540)
942,"Nôn mửa, đau bụng,","Nôn mửa, đau bụng,",Đỗ Tất Lợi (Trang 542)
943,Có kim sương dùng tro,Có kim sương dùng tro,Đỗ Tất Lợi (Trang 544)
944,"Trụy tim hay suy nhược,","Trụy tim hay suy nhược,",Đỗ Tất Lợi (Trang 545)
945,"Tê liệt, tim bị dăn,","Tê liệt, tim bị dăn,",Đỗ Tất Lợi (Trang 547)
946,Ghế và,Ghế và,Đỗ Tất Lợi (Trang 547)
947,Có mã tiền dùng trong nhản dán,Có mã tiền dùng trong nhản dán,Đỗ Tất Lợi (Trang 547)
948,"Tê thấp, dau","Tê thấp, dau",Đỗ Tất Lợi (Trang 547)
949,"Phù nẻ,","Phù nẻ,",Đỗ Tất Lợi (Trang 548)
950,Chữa đau,Chữa đau,Đỗ Tất Lợi (Trang 548)
951,Pho,Pho,Đỗ Tất Lợi (Trang 549)
952,"Đau nhức, mất","Đau nhức, mất",Đỗ Tất Lợi (Trang 550)
953,"Ho, hen, sốt cách nhật, dùng ngoài giã nát","Ho, hen, sốt cách nhật, dùng ngoài giã nát",Đỗ Tất Lợi (Trang 550)
954,"Đau lưng, mỏi","Đau lưng, mỏi",Đỗ Tất Lợi (Trang 551)
955,"Tê thấp, đau lưng,","Tê thấp, đau lưng,",Đỗ Tất Lợi (Trang 551)
956,Có rễ ru,Có rễ ru,Đỗ Tất Lợi (Trang 552)
957,"Đan mỏi, tê thấp (kinh","Đan mỏi, tê thấp (kinh",Đỗ Tất Lợi (Trang 552)
958,"Tiêu hoá kém,","Tiêu hoá kém,",Đỗ Tất Lợi (Trang 556)
959,"Rắn cắn, bị thương, sư","Rắn cắn, bị thương, sư",Đỗ Tất Lợi (Trang 556)
960,Hôi miệ,Hôi miệ,Đỗ Tất Lợi (Trang 556)
961,Thường dù,Thường dù,Đỗ Tất Lợi (Trang 556)
962,Rắn độc cắn,Rắn độc cắn,Đỗ Tất Lợi (Trang 556)
963,Hoàng đản,Hoàng đản,Đỗ Tất Lợi (Trang 556)
964,Rắn cắn rất,Rắn cắn rất,Đỗ Tất Lợi (Trang 557)
965,"Ứ tích lâu năm, bị đánh","Ứ tích lâu năm, bị đánh",Đỗ Tất Lợi (Trang 559)
966,Viêm xoang,Viêm xoang,Đỗ Tất Lợi (Trang 560)
967,Rắn cắn sư,Rắn cắn sư,Đỗ Tất Lợi (Trang 562)
968,"Rắn cắn, nhưng thêm","Rắn cắn, nhưng thêm",Đỗ Tất Lợi (Trang 562)
969,"Lậu, thô","Lậu, thô",Đỗ Tất Lợi (Trang 563)
970,"Lậu,","Lậu,",Đỗ Tất Lợi (Trang 563)
971,"Phong thấp, đau nhức răng, sâu ră","Phong thấp, đau nhức răng, sâu ră",Đỗ Tất Lợi (Trang 563)
972,"Rắn cắn, người ta hái lấy khoảng 20","Rắn cắn, người ta hái lấy khoảng 20",Đỗ Tất Lợi (Trang 564)
973,"Sốt, chố","Sốt, chố",Đỗ Tất Lợi (Trang 564)
974,"Hác lào, sâu quảng","Hác lào, sâu quảng",Đỗ Tất Lợi (Trang 564)
975,Di tinh và thô,Di tinh và thô,Đỗ Tất Lợi (Trang 565)
976,Rắn cắn (xem vị bông báo),Rắn cắn (xem vị bông báo),Đỗ Tất Lợi (Trang 565)
977,Có hiạt vô,Có hiạt vô,Đỗ Tất Lợi (Trang 565)
978,"Say rượu, còn dùng làm thuốc giải","Say rượu, còn dùng làm thuốc giải",Đỗ Tất Lợi (Trang 566)
979,Ung thũ,Ung thũ,Đỗ Tất Lợi (Trang 567)
980,Có sơn từ có,Có sơn từ có,Đỗ Tất Lợi (Trang 567)
981,Này,Này,Đỗ Tất Lợi (Trang 567)
982,Rụ,Rụ,Đỗ Tất Lợi (Trang 569)
983,Loét miệng và bệnh,Loét miệng và bệnh,Đỗ Tất Lợi (Trang 569)
984,Sâu quả,Sâu quả,Đỗ Tất Lợi (Trang 569)
985,Viêm họ,Viêm họ,Đỗ Tất Lợi (Trang 571)
986,"Bỏng, lần đầu tiên tô thủ (y hc","Bỏng, lần đầu tiên tô thủ (y hc",Đỗ Tất Lợi (Trang 572)
987,18 ca bỏ,18 ca bỏ,Đỗ Tất Lợi (Trang 572)
988,Bỏng bằng cao xoan,Bỏng bằng cao xoan,Đỗ Tất Lợi (Trang 572)
989,Các loại bổng nông,Các loại bổng nông,Đỗ Tất Lợi (Trang 572)
990,"Kinh nguyệt bế tác, đẻ khó,","Kinh nguyệt bế tác, đẻ khó,",Đỗ Tất Lợi (Trang 574)
991,Hủi đưới đạ,Hủi đưới đạ,Đỗ Tất Lợi (Trang 575)
992,"Rắn cắn, nước giã ép","Rắn cắn, nước giã ép",Đỗ Tất Lợi (Trang 576)
993,"Nhức đầu, sốt và thô","Nhức đầu, sốt và thô",Đỗ Tất Lợi (Trang 578)
994,Thiên đâu thống,Thiên đâu thống,Đỗ Tất Lợi (Trang 578)
995,"Nhức đâu, nhức lông mày","Nhức đâu, nhức lông mày",Đỗ Tất Lợi (Trang 578)
996,Có mật mông hoa,Có mật mông hoa,Đỗ Tất Lợi (Trang 579)
997,"Nhức đâu, các bệnh ở cổ","Nhức đâu, các bệnh ở cổ",Đỗ Tất Lợi (Trang 580)
998,Bệnh scobut (chảy máu chân,Bệnh scobut (chảy máu chân,Đỗ Tất Lợi (Trang 580)
999,Có cáy cúc áo dùng tro,Có cáy cúc áo dùng tro,Đỗ Tất Lợi (Trang 580)
1000,"Hóc xương gà, xương cá","Hóc xương gà, xương cá",Đỗ Tất Lợi (Trang 580)
1001,Răng đau như sau,Răng đau như sau,Đỗ Tất Lợi (Trang 581)
1002,"Đâu bụng, tẩy,","Đâu bụng, tẩy,",Đỗ Tất Lợi (Trang 583)
1003,"Đau răng, làm","Đau răng, làm",Đỗ Tất Lợi (Trang 583)
1004,Có xương rồng dùng tro,Có xương rồng dùng tro,Đỗ Tất Lợi (Trang 583)
1005,Đau nhức răng,Đau nhức răng,Đỗ Tất Lợi (Trang 583)
1006,Mụn to không rõ nguyên nhân (vô,Mụn to không rõ nguyên nhân (vô,Đỗ Tất Lợi (Trang 583)
1007,Có tế tân đùng trong đông y,Có tế tân đùng trong đông y,Đỗ Tất Lợi (Trang 584)
1008,Cảm lạnh,Cảm lạnh,Đỗ Tất Lợi (Trang 584)
1009,Bệnh ở cổ họ,Bệnh ở cổ họ,Đỗ Tất Lợi (Trang 585)
1010,Chảy máu tử cu,Chảy máu tử cu,Đỗ Tất Lợi (Trang 588)
1011,Ỉa chảy,Ỉa chảy,Đỗ Tất Lợi (Trang 588)
1012,Thấp khớp (đắp nóng bên,Thấp khớp (đắp nóng bên,Đỗ Tất Lợi (Trang 588)
1013,Có vỏ xoài,Có vỏ xoài,Đỗ Tất Lợi (Trang 588)
1014,Mất đã giới thiệu cách dù,Mất đã giới thiệu cách dù,Đỗ Tất Lợi (Trang 589)
1015,"Đau mất,","Đau mất,",Đỗ Tất Lợi (Trang 591)
1016,Có tật lê,Có tật lê,Đỗ Tất Lợi (Trang 591)
1017,Bụ,Bụ,Đỗ Tất Lợi (Trang 592)
1018,Sâu ră,Sâu ră,Đỗ Tất Lợi (Trang 592)
1019,"Sốt, đi","Sốt, đi",Đỗ Tất Lợi (Trang 592)
1020,"Cổ họng sưng đau, ho nhiệt mất tiếng,","Cổ họng sưng đau, ho nhiệt mất tiếng,",Đỗ Tất Lợi (Trang 593)
1021,Thiên đâu thố,Thiên đâu thố,Đỗ Tất Lợi (Trang 595)
1022,Bệnh tim thay những loại thuốc tương tự,Bệnh tim thay những loại thuốc tương tự,Đỗ Tất Lợi (Trang 599)
1023,Tm dưới,Tm dưới,Đỗ Tất Lợi (Trang 602)
1024,"Cảm sốt, cảm mạo, mũi ngạt, đầu nhức,","Cảm sốt, cảm mạo, mũi ngạt, đầu nhức,",Đỗ Tất Lợi (Trang 614)
1025,Loét dạ,Loét dạ,Đỗ Tất Lợi (Trang 614)
1026,Cảm,Cảm,Đỗ Tất Lợi (Trang 614)
1027,Có bạc hà (lá và toàn cây),Có bạc hà (lá và toàn cây),Đỗ Tất Lợi (Trang 614)
1028,"Cảm mạo, nhức đầu","Cảm mạo, nhức đầu",Đỗ Tất Lợi (Trang 614)
1029,"Nhức đầu, ră","Nhức đầu, ră",Đỗ Tất Lợi (Trang 617)
1030,"Nhức đầu, cán mạo, hoa mắt, đau","Nhức đầu, cán mạo, hoa mắt, đau",Đỗ Tất Lợi (Trang 618)
1031,Có bạch chỉ dùng trong nhân đán,Có bạch chỉ dùng trong nhân đán,Đỗ Tất Lợi (Trang 618)
1032,Chứng hôi miệng,Chứng hôi miệng,Đỗ Tất Lợi (Trang 618)
1033,"Xích và bạch ly,","Xích và bạch ly,",Đỗ Tất Lợi (Trang 619)
1034,"Hen suyễn đối vớt người lớn, trẻ con","Hen suyễn đối vớt người lớn, trẻ con",Đỗ Tất Lợi (Trang 620)
1035,Các chứ,Các chứ,Đỗ Tất Lợi (Trang 622)
1036,Có cúc hoa,Có cúc hoa,Đỗ Tất Lợi (Trang 622)
1037,"Chóng mặt, hoa","Chóng mặt, hoa",Đỗ Tất Lợi (Trang 622)
1038,"Ho, trừ đờm, đầy bụng khô","Ho, trừ đờm, đầy bụng khô",Đỗ Tất Lợi (Trang 624)
1039,"Bị cảm, mồ hôi bí khô","Bị cảm, mồ hôi bí khô",Đỗ Tất Lợi (Trang 624)
1040,"Đây bụng,","Đây bụng,",Đỗ Tất Lợi (Trang 624)
1041,"Đau bụng, đau ngực, ho lâu","Đau bụng, đau ngực, ho lâu",Đỗ Tất Lợi (Trang 624)
1042,Có băng phiến,Có băng phiến,Đỗ Tất Lợi (Trang 624)
1043,Sốt tan tro,Sốt tan tro,Đỗ Tất Lợi (Trang 625)
1044,Sốt ngang với liều 33mg phenaxetin cho 1,Sốt ngang với liều 33mg phenaxetin cho 1,Đỗ Tất Lợi (Trang 625)
1045,"Sốt, thô","Sốt, thô",Đỗ Tất Lợi (Trang 625)
1046,"Viêm niệu đạo, tiểu tiện đau buốt","Viêm niệu đạo, tiểu tiện đau buốt",Đỗ Tất Lợi (Trang 626)
1047,"Sốt, khát nước, lợi tiểu tiện,","Sốt, khát nước, lợi tiểu tiện,",Đỗ Tất Lợi (Trang 626)
1048,Có cáy thải lài trắng,Có cáy thải lài trắng,Đỗ Tất Lợi (Trang 626)
1049,"Đau răng, sắc uống lấy nước chữa các chứng","Đau răng, sắc uống lấy nước chữa các chứng",Đỗ Tất Lợi (Trang 627)
1050,"Những mụn nhọt mưng mủ, dùng nước hành nhỏ","Những mụn nhọt mưng mủ, dùng nước hành nhỏ",Đỗ Tất Lợi (Trang 628)
1051,Có hành,Có hành,Đỗ Tất Lợi (Trang 628)
1052,Trẻ con cảm mạo,Trẻ con cảm mạo,Đỗ Tất Lợi (Trang 628)
1053,Mụn nhọt,Mụn nhọt,Đỗ Tất Lợi (Trang 628)
1054,"Ho, trừ đờm, ra mỏ hôi, lợi tiểu tiện,","Ho, trừ đờm, ra mỏ hôi, lợi tiểu tiện,",Đỗ Tất Lợi (Trang 628)
1055,"Ngoại cảm phát sốt, đầu nhức mắt","Ngoại cảm phát sốt, đầu nhức mắt",Đỗ Tất Lợi (Trang 629)
1056,Có kinh giới dùng tro,Có kinh giới dùng tro,Đỗ Tất Lợi (Trang 630)
1057,"Cẩm nóng, ngã ngất","Cẩm nóng, ngã ngất",Đỗ Tất Lợi (Trang 630)
1058,Ly (dùng,Ly (dùng,Đỗ Tất Lợi (Trang 630)
1059,Cẩm cúm,Cẩm cúm,Đỗ Tất Lợi (Trang 630)
1060,Trên có thể dùng thứ,Trên có thể dùng thứ,Đỗ Tất Lợi (Trang 630)
1061,"Ho, trừ đờm, dùng trong bệnh","Ho, trừ đờm, dùng trong bệnh",Đỗ Tất Lợi (Trang 634)
1062,"Ly long đờm, dùng chữa","Ly long đờm, dùng chữa",Đỗ Tất Lợi (Trang 634)
1063,"Chứng hay ngủ, tiêu xích ban","Chứng hay ngủ, tiêu xích ban",Đỗ Tất Lợi (Trang 634)
1064,Hen (bắt đầu,Hen (bắt đầu,Đỗ Tất Lợi (Trang 634)
1065,Sổ mũi (dung dịch 3% tro,Sổ mũi (dung dịch 3% tro,Đỗ Tất Lợi (Trang 634)
1066,Có ma hoàng dùng trong đô,Có ma hoàng dùng trong đô,Đỗ Tất Lợi (Trang 635)
1067,"Viêm khí quản, hen suyên, cảm mạo","Viêm khí quản, hen suyên, cảm mạo",Đỗ Tất Lợi (Trang 635)
1068,"Cảm mạo, sốt, nhức đầu, nhức bên","Cảm mạo, sốt, nhức đầu, nhức bên",Đỗ Tất Lợi (Trang 636)
1069,Có màn kinh tử dùng tro,Có màn kinh tử dùng tro,Đỗ Tất Lợi (Trang 636)
1070,Thiên đầu thống,Thiên đầu thống,Đỗ Tất Lợi (Trang 636)
1071,Chỉ có một vị màn kinh tử,Chỉ có một vị màn kinh tử,Đỗ Tất Lợi (Trang 636)
1072,Làm cho tóc den và đài,Làm cho tóc den và đài,Đỗ Tất Lợi (Trang 636)
1073,Trĩ,Trĩ,Đỗ Tất Lợi (Trang 638)
1074,"Nhiệt nhập doanh phận, phát cuồng","Nhiệt nhập doanh phận, phát cuồng",Đỗ Tất Lợi (Trang 638)
1075,"Nhức đầu, đau lưng, kinh","Nhức đầu, đau lưng, kinh",Đỗ Tất Lợi (Trang 638)
1076,"Mọi bệnh của phụ nữ, kinh nguyệt","Mọi bệnh của phụ nữ, kinh nguyệt",Đỗ Tất Lợi (Trang 638)
1077,"Cảm mạo, sốt, sốt rét, tê thấp, chân tay đau nhức,","Cảm mạo, sốt, sốt rét, tê thấp, chân tay đau nhức,",Đỗ Tất Lợi (Trang 639)
1078,"Cảm cúm, thông tiểu và chữa sốt,","Cảm cúm, thông tiểu và chữa sốt,",Đỗ Tất Lợi (Trang 642)
1079,"Ngoại cảm biểu chứng, ma","Ngoại cảm biểu chứng, ma",Đỗ Tất Lợi (Trang 642)
1080,Có ngưu bàng tử,Có ngưu bàng tử,Đỗ Tất Lợi (Trang 642)
1081,"Cảm mạo, thủy thũng, chân tay phù","Cảm mạo, thủy thũng, chân tay phù",Đỗ Tất Lợi (Trang 642)
1082,"Trẻ con lên đậu mọc không thuận, nóng","Trẻ con lên đậu mọc không thuận, nóng",Đỗ Tất Lợi (Trang 642)
1083,Chữa phù thận cấp tính,Chữa phù thận cấp tính,Đỗ Tất Lợi (Trang 642)
1084,Bệnh và,Bệnh và,Đỗ Tất Lợi (Trang 642)
1085,Sốt và một số tác dụ,Sốt và một số tác dụ,Đỗ Tất Lợi (Trang 645)
1086,Thân thể,Thân thể,Đỗ Tất Lợi (Trang 646)
1087,"Sốt, ra mỏ hôi, thông tiểu tiện, chữa","Sốt, ra mỏ hôi, thông tiểu tiện, chữa",Đỗ Tất Lợi (Trang 646)
1088,Có nhân trần,Có nhân trần,Đỗ Tất Lợi (Trang 646)
1089,"Phế nhiệt sinh ho, yết hầu sư","Phế nhiệt sinh ho, yết hầu sư",Đỗ Tất Lợi (Trang 647)
1090,"Tiêu khát, sư","Tiêu khát, sư",Đỗ Tất Lợi (Trang 647)
1091,"Ho, thổ","Ho, thổ",Đỗ Tất Lợi (Trang 647)
1092,Thuỷ,Thuỷ,Đỗ Tất Lợi (Trang 647)
1093,"Sốt nóng, hoàng đân","Sốt nóng, hoàng đân",Đỗ Tất Lợi (Trang 647)
1094,Kinh nghiệm có thiên hoa phấn,Kinh nghiệm có thiên hoa phấn,Đỗ Tất Lợi (Trang 647)
1095,Cha phụ nữ đẻ sữa không xuố,Cha phụ nữ đẻ sữa không xuố,Đỗ Tất Lợi (Trang 648)
1096,Viêm cổ họng mất tiếng,Viêm cổ họng mất tiếng,Đỗ Tất Lợi (Trang 648)
1097,Hủi có kết,Hủi có kết,Đỗ Tất Lợi (Trang 649)
1098,"Các chứng dãn tĩnh mạch, chứng nặ","Các chứng dãn tĩnh mạch, chứng nặ",Đỗ Tất Lợi (Trang 649)
1099,"Các vết bỏng, vết thương do","Các vết bỏng, vết thương do",Đỗ Tất Lợi (Trang 649)
1100,"Đau bụng, đi ia lả","Đau bụng, đi ia lả",Đỗ Tất Lợi (Trang 649)
1101,"Phụ nữ kinh nguyệt dau bụng, đau","Phụ nữ kinh nguyệt dau bụng, đau",Đỗ Tất Lợi (Trang 649)
1102,"Rôm sẩy, mẩn ngứa","Rôm sẩy, mẩn ngứa",Đỗ Tất Lợi (Trang 649)
1103,Sốt; với,Sốt; với,Đỗ Tất Lợi (Trang 650)
1104,Sốt đùng trong,Sốt đùng trong,Đỗ Tất Lợi (Trang 651)
1105,"Sốt rét, nhức đầu chóng mặt,","Sốt rét, nhức đầu chóng mặt,",Đỗ Tất Lợi (Trang 651)
1106,"Bệnh thiểu đương,","Bệnh thiểu đương,",Đỗ Tất Lợi (Trang 651)
1107,"Sốt, hư lao phát sốt, tỉnh thần mệt mỏi","Sốt, hư lao phát sốt, tỉnh thần mệt mỏi",Đỗ Tất Lợi (Trang 651)
1108,"Hư lao phát sốt, cảm mạo phát sốt","Hư lao phát sốt, cảm mạo phát sốt",Đỗ Tất Lợi (Trang 651)
1109,Biểu chứng miệ,Biểu chứng miệ,Đỗ Tất Lợi (Trang 653)
1110,Cảm mạo sốt,Cảm mạo sốt,Đỗ Tất Lợi (Trang 653)
1111,Chữa sốt trể con,Chữa sốt trể con,Đỗ Tất Lợi (Trang 653)
1112,"Đau mắt, làm sá","Đau mắt, làm sá",Đỗ Tất Lợi (Trang 655)
1113,Xích bạch ly; hạt,Xích bạch ly; hạt,Đỗ Tất Lợi (Trang 655)
1114,Ly làu,Ly làu,Đỗ Tất Lợi (Trang 655)
1115,Có kết,Có kết,Đỗ Tất Lợi (Trang 655)
1116,Có tế thái,Có tế thái,Đỗ Tất Lợi (Trang 655)
1117,"Chứng ho, đầy hơi","Chứng ho, đầy hơi",Đỗ Tất Lợi (Trang 657)
1118,"Chữa chứng hư lao, người","Chữa chứng hư lao, người",Đỗ Tất Lợi (Trang 657)
1119,Sốt rét của loài thanh cao hoa và,Sốt rét của loài thanh cao hoa và,Đỗ Tất Lợi (Trang 657)
1120,"Sốt cao, sốt,","Sốt cao, sốt,",Đỗ Tất Lợi (Trang 658)
1121,Những trường hợp cốt trưng,Những trường hợp cốt trưng,Đỗ Tất Lợi (Trang 658)
1122,"Cảm mạo, thanh nhiệt,","Cảm mạo, thanh nhiệt,",Đỗ Tất Lợi (Trang 658)
1123,"Sốt, sốt rét dưới","Sốt, sốt rét dưới",Đỗ Tất Lợi (Trang 658)
1124,Có thanh cao dùng tro,Có thanh cao dùng tro,Đỗ Tất Lợi (Trang 658)
1125,Sốt chỉ dùng một vị thanh cao (bản thảo,Sốt chỉ dùng một vị thanh cao (bản thảo,Đỗ Tất Lợi (Trang 659)
1126,"Các chứng sốt, (sốt cảm, sốt do","Các chứng sốt, (sốt cảm, sốt do",Đỗ Tất Lợi (Trang 659)
1127,Mụn nhọt lở,Mụn nhọt lở,Đỗ Tất Lợi (Trang 660)
1128,Bệnh thươ,Bệnh thươ,Đỗ Tất Lợi (Trang 660)
1129,"Cảm cúm, đau","Cảm cúm, đau",Đỗ Tất Lợi (Trang 661)
1130,Bệnh sốt rét của gà thấy cao nước với liều,Bệnh sốt rét của gà thấy cao nước với liều,Đỗ Tất Lợi (Trang 663)
1131,Sốt rét của ancaloit của thường sơn so sánh,Sốt rét của ancaloit của thường sơn so sánh,Đỗ Tất Lợi (Trang 663)
1132,Sốt rét và độc tính của thường,Sốt rét và độc tính của thường,Đỗ Tất Lợi (Trang 663)
1133,"Sốt, nhưng ancaloit toàn bộ của","Sốt, nhưng ancaloit toàn bộ của",Đỗ Tất Lợi (Trang 663)
1134,Sốt rét thì thấy trong quá trình nghiên cứu với,Sốt rét thì thấy trong quá trình nghiên cứu với,Đỗ Tất Lợi (Trang 664)
1135,Bệnh sốt rét (sốt rét,Bệnh sốt rét (sốt rét,Đỗ Tất Lợi (Trang 664)
1136,Có thườ,Có thườ,Đỗ Tất Lợi (Trang 664)
1137,Sốt rét và sốt thường,Sốt rét và sốt thường,Đỗ Tất Lợi (Trang 664)
1138,Sốt réi,Sốt réi,Đỗ Tất Lợi (Trang 664)
1139,"Ho, sốt,","Ho, sốt,",Đỗ Tất Lợi (Trang 664)
1140,"Sốt rét,","Sốt rét,",Đỗ Tất Lợi (Trang 665)
1141,"Ngoại cảm phong hàn, nôn mửa, động thai,","Ngoại cảm phong hàn, nôn mửa, động thai,",Đỗ Tất Lợi (Trang 666)
1142,"Ho, giúp sự tiêu hoá, giảm","Ho, giúp sự tiêu hoá, giảm",Đỗ Tất Lợi (Trang 666)
1143,"Bị ngộ độc nôn mửa, đau bụ","Bị ngộ độc nôn mửa, đau bụ",Đỗ Tất Lợi (Trang 666)
1144,"Bệnh cảm mạo, sốt, nhức","Bệnh cảm mạo, sốt, nhức",Đỗ Tất Lợi (Trang 666)
1145,Trúng độc đau,Trúng độc đau,Đỗ Tất Lợi (Trang 666)
1146,Sưng vú,Sưng vú,Đỗ Tất Lợi (Trang 666)
1147,"Ho, trừ","Ho, trừ",Đỗ Tất Lợi (Trang 668)
1148,"Sốt, giảm","Sốt, giảm",Đỗ Tất Lợi (Trang 668)
1149,Có tiên hồ,Có tiên hồ,Đỗ Tất Lợi (Trang 668)
1150,Vị,Vị,Đỗ Tất Lợi (Trang 669)
1151,Bệnh cảm gió,Bệnh cảm gió,Đỗ Tất Lợi (Trang 669)
1152,"Trúng phang cấm khẩu, đờm mê đại nhiệt,","Trúng phang cấm khẩu, đờm mê đại nhiệt,",Đỗ Tất Lợi (Trang 669)
1153,"Có trúc nhự, trúc diệp dù","Có trúc nhự, trúc diệp dù",Đỗ Tất Lợi (Trang 669)
1154,"Triệu chứng sốt cấp tính, miệng khô khát","Triệu chứng sốt cấp tính, miệng khô khát",Đỗ Tất Lợi (Trang 669)
1155,Kinh nguyệt ra mãi không ngừng,Kinh nguyệt ra mãi không ngừng,Đỗ Tất Lợi (Trang 670)
1156,"Cảm, phù","Cảm, phù",Đỗ Tất Lợi (Trang 670)
1157,"Yết hầu sưng đau, đờm","Yết hầu sưng đau, đờm",Đỗ Tất Lợi (Trang 671)
1158,"Viêm cổ họng, vùng","Viêm cổ họng, vùng",Đỗ Tất Lợi (Trang 671)
1159,"Sốt, đại","Sốt, đại",Đỗ Tất Lợi (Trang 671)
1160,Có xạ can,Có xạ can,Đỗ Tất Lợi (Trang 671)
1161,Này có,Này có,Đỗ Tất Lợi (Trang 671)
1162,Chữa các triệu chứng bá,Chữa các triệu chứng bá,Đỗ Tất Lợi (Trang 671)
1163,"Kinh nguyệt không đều, đầu nhức","Kinh nguyệt không đều, đầu nhức",Đỗ Tất Lợi (Trang 673)
1164,"Nhức đầu, chóng mặt","Nhức đầu, chóng mặt",Đỗ Tất Lợi (Trang 673)
1165,"Chữa thiên đầu thống,","Chữa thiên đầu thống,",Đỗ Tất Lợi (Trang 673)
1166,Thiên đầu,Thiên đầu,Đỗ Tất Lợi (Trang 673)
1167,"Sốt trong các bệnh sởời, scaclatin,","Sốt trong các bệnh sởời, scaclatin,",Đỗ Tất Lợi (Trang 674)
1168,"Ho, vỏ thân cây dùng chữa","Ho, vỏ thân cây dùng chữa",Đỗ Tất Lợi (Trang 675)
1169,"Thuỷ thũng, mắt mờ, dùng","Thuỷ thũng, mắt mờ, dùng",Đỗ Tất Lợi (Trang 676)
1170,Có quả dướng dùng tro,Có quả dướng dùng tro,Đỗ Tất Lợi (Trang 676)
1171,Những người,Những người,Đỗ Tất Lợi (Trang 676)
1172,Hội chứ,Hội chứ,Đỗ Tất Lợi (Trang 676)
1173,"Sốt, làm cho ra","Sốt, làm cho ra",Đỗ Tất Lợi (Trang 677)
1174,"Đau, sâu răng, mỗi ngày uống từ 10 đến 25g","Đau, sâu răng, mỗi ngày uống từ 10 đến 25g",Đỗ Tất Lợi (Trang 677)
1175,"Cảm mạo, giảm sốt, lợi thấp hành thủy; dùng","Cảm mạo, giảm sốt, lợi thấp hành thủy; dùng",Đỗ Tất Lợi (Trang 680)
1176,"Có hương nhu dùng mp nhá \ tô nhu tán nhỏ, mỗi lần dùng","Có hương nhu dùng mp nhá \ tô nhu tán nhỏ, mỗi lần dùng",Đỗ Tất Lợi (Trang 681)
1177,"Chứng thủy thấp phong, còn","Chứng thủy thấp phong, còn",Đỗ Tất Lợi (Trang 682)
1178,Các chứng du pho,Các chứng du pho,Đỗ Tất Lợi (Trang 682)
1179,Các chứng pho,Các chứng pho,Đỗ Tất Lợi (Trang 682)
1180,"Nhức đầu, thân","Nhức đầu, thân",Đỗ Tất Lợi (Trang 682)
1181,Có khương hoạt dùng tro,Có khương hoạt dùng tro,Đỗ Tất Lợi (Trang 682)
1182,Người có that bị phù thũng,Người có that bị phù thũng,Đỗ Tất Lợi (Trang 682)
1183,Cảm nói,Cảm nói,Đỗ Tất Lợi (Trang 682)
1184,"Sốt, ly trẻ con và","Sốt, ly trẻ con và",Đỗ Tất Lợi (Trang 683)
1185,Sốt và,Sốt và,Đỗ Tất Lợi (Trang 683)
1186,Các chứng bệnh do,Các chứng bệnh do,Đỗ Tất Lợi (Trang 683)
1187,Cảm mạo biểu,Cảm mạo biểu,Đỗ Tất Lợi (Trang 685)
1188,Có phòng phong dùng tro,Có phòng phong dùng tro,Đỗ Tất Lợi (Trang 685)
1189,Thián đầu thố,Thián đầu thố,Đỗ Tất Lợi (Trang 685)
1190,Triệu chứng khi ngủ ra mô hôi trộm,Triệu chứng khi ngủ ra mô hôi trộm,Đỗ Tất Lợi (Trang 685)
1191,"Sốt, nhức đầu, bã còn lại đem nặn và xoa bóp","Sốt, nhức đầu, bã còn lại đem nặn và xoa bóp",Đỗ Tất Lợi (Trang 685)
1192,Có thăng ma dùng trong đô,Có thăng ma dùng trong đô,Đỗ Tất Lợi (Trang 687)
1193,Sốt khi mới lên đậu,Sốt khi mới lên đậu,Đỗ Tất Lợi (Trang 687)
1194,Trẻ con lên canh châu,Trẻ con lên canh châu,Đỗ Tất Lợi (Trang 688)
1195,Sởi chậm mọc,Sởi chậm mọc,Đỗ Tất Lợi (Trang 688)
1196,"Các chứng cam răng, nôn mửa, ia lô","Các chứng cam răng, nôn mửa, ia lô",Đỗ Tất Lợi (Trang 692)
1197,"Sốt, và","Sốt, và",Đỗ Tất Lợi (Trang 693)
1198,"Nóng, sốt, sài","Nóng, sốt, sài",Đỗ Tất Lợi (Trang 694)
1199,Khỏi bằng vỏ cây này lần đầu tiên làm cho,Khỏi bằng vỏ cây này lần đầu tiên làm cho,Đỗ Tất Lợi (Trang 695)
1200,Bệnh của vỏ cây,Bệnh của vỏ cây,Đỗ Tất Lợi (Trang 695)
1201,Sốt rét giố,Sốt rét giố,Đỗ Tất Lợi (Trang 695)
1202,Sốt rết cho nên,Sốt rết cho nên,Đỗ Tất Lợi (Trang 695)
1203,Bệnh hay làm,Bệnh hay làm,Đỗ Tất Lợi (Trang 696)
1204,Sốt thường người ta,Sốt thường người ta,Đỗ Tất Lợi (Trang 696)
1205,Sốt rét của canhkina,Sốt rét của canhkina,Đỗ Tất Lợi (Trang 700)
1206,"Sốt rét, quinin","Sốt rét, quinin",Đỗ Tất Lợi (Trang 700)
1207,"Sốt, sốt rét nhưng kém hơn, và có","Sốt, sốt rét nhưng kém hơn, và có",Đỗ Tất Lợi (Trang 700)
1208,"Sốt, sốt","Sốt, sốt",Đỗ Tất Lợi (Trang 700)
1209,"Cảm mạo, sốt rét, đau nhức sau đó","Cảm mạo, sốt rét, đau nhức sau đó",Đỗ Tất Lợi (Trang 701)
1210,Kinh nguyệt khô,Kinh nguyệt khô,Đỗ Tất Lợi (Trang 702)
1211,"Cảm sốt, sốt, dưới đạng","Cảm sốt, sốt, dưới đạng",Đỗ Tất Lợi (Trang 703)
1212,Có đậu s‡ dùng tro,Có đậu s‡ dùng tro,Đỗ Tất Lợi (Trang 704)
1213,"Hen suyễn, khi nào trở trời mưa thì phát;","Hen suyễn, khi nào trở trời mưa thì phát;",Đỗ Tất Lợi (Trang 704)
1214,Đầy,Đầy,Đỗ Tất Lợi (Trang 705)
1215,"Cảm mạo, ăn uống không tiêu","Cảm mạo, ăn uống không tiêu",Đỗ Tất Lợi (Trang 705)
1216,Tiêu khát,Tiêu khát,Đỗ Tất Lợi (Trang 708)
1217,"Nhức đầu, choá","Nhức đầu, choá",Đỗ Tất Lợi (Trang 709)
1218,"Trẻ con sài đâu, giải độc rượu,","Trẻ con sài đâu, giải độc rượu,",Đỗ Tất Lợi (Trang 709)
1219,Có vị so đũa,Có vị so đũa,Đỗ Tất Lợi (Trang 710)
1220,Sốt gần như vỏ cây canhkina do đó vỏ cây,Sốt gần như vỏ cây canhkina do đó vỏ cây,Đỗ Tất Lợi (Trang 711)
1221,Sốt dưới dạ,Sốt dưới dạ,Đỗ Tất Lợi (Trang 711)
1222,Có vỏ gáo chữa xơ gan cổ trướng,Có vỏ gáo chữa xơ gan cổ trướng,Đỗ Tất Lợi (Trang 711)
1223,"Cảm mạo, phát sốt, ho,","Cảm mạo, phát sốt, ho,",Đỗ Tất Lợi (Trang 713)
1224,Ỉa,Ỉa,Đỗ Tất Lợi (Trang 713)
1225,"Sốt, và thuốc bổ với liều 0,5-1g một lần, ngày","Sốt, và thuốc bổ với liều 0,5-1g một lần, ngày",Đỗ Tất Lợi (Trang 714)
1226,"Ly, tẩy","Ly, tẩy",Đỗ Tất Lợi (Trang 714)
1227,Phế ung (ho có đờm xanh (mủ),Phế ung (ho có đờm xanh (mủ),Đỗ Tất Lợi (Trang 715)
1228,"Viêm gan, viêm thận, thủy thữ","Viêm gan, viêm thận, thủy thữ",Đỗ Tất Lợi (Trang 715)
1229,"Các bệnh ho lâu ngày không khỏi,","Các bệnh ho lâu ngày không khỏi,",Đỗ Tất Lợi (Trang 717)
1230,Cơn co giật của bệnh,Cơn co giật của bệnh,Đỗ Tất Lợi (Trang 718)
1231,"Kinh sợ, cuộn thành thuốc lá hút chữa ho do hàn,","Kinh sợ, cuộn thành thuốc lá hút chữa ho do hàn,",Đỗ Tất Lợi (Trang 718)
1232,"Chai chân, làm rụ","Chai chân, làm rụ",Đỗ Tất Lợi (Trang 723)
1233,Kiết ly khát nước,Kiết ly khát nước,Đỗ Tất Lợi (Trang 723)
1234,"Giun chui ra môm, mũi","Giun chui ra môm, mũi",Đỗ Tất Lợi (Trang 723)
1235,Ho như,Ho như,Đỗ Tất Lợi (Trang 724)
1236,"Huyết ứ, huyết bế, chữa ho, làm tiêu những","Huyết ứ, huyết bế, chữa ho, làm tiêu những",Đỗ Tất Lợi (Trang 724)
1237,Thuỷ thũ,Thuỷ thũ,Đỗ Tất Lợi (Trang 724)
1238,"Ho gà, chữa ho, dùng đưới đạ","Ho gà, chữa ho, dùng đưới đạ",Đỗ Tất Lợi (Trang 725)
1239,"Ho gà, dù","Ho gà, dù",Đỗ Tất Lợi (Trang 725)
1240,Chai chân có tác dụng làm mềm,Chai chân có tác dụng làm mềm,Đỗ Tất Lợi (Trang 725)
1241,Cảm cú,Cảm cú,Đỗ Tất Lợi (Trang 726)
1242,Chữa ho có húng chanh,Chữa ho có húng chanh,Đỗ Tất Lợi (Trang 726)
1243,"Ho, viêm","Ho, viêm",Đỗ Tất Lợi (Trang 728)
1244,"Ho, ép dầu và để chế mà tạc (một thứ gia vị dùng","Ho, ép dầu và để chế mà tạc (một thứ gia vị dùng",Đỗ Tất Lợi (Trang 728)
1245,Ngực bụng đây trướ,Ngực bụng đây trướ,Đỗ Tất Lợi (Trang 728)
1246,"Ho, hen xuyễn, ngực bụng dây trướ","Ho, hen xuyễn, ngực bụng dây trướ",Đỗ Tất Lợi (Trang 730)
1247,Có la bặc tứ,Có la bặc tứ,Đỗ Tất Lợi (Trang 730)
1248,Phế u,Phế u,Đỗ Tất Lợi (Trang 731)
1249,"Hư lao, ho, thổ","Hư lao, ho, thổ",Đỗ Tất Lợi (Trang 732)
1250,"Chữa bệnh ho, khó thở, ho lâu","Chữa bệnh ho, khó thở, ho lâu",Đỗ Tất Lợi (Trang 732)
1251,Của trươ,Của trươ,Đỗ Tất Lợi (Trang 732)
1252,Chữa tắc tia sữa,Chữa tắc tia sữa,Đỗ Tất Lợi (Trang 732)
1253,"Ngoại cảm sinh ho, cổ họng sưng đau, ngực","Ngoại cảm sinh ho, cổ họng sưng đau, ngực",Đỗ Tất Lợi (Trang 734)
1254,Có cát cánh,Có cát cánh,Đỗ Tất Lợi (Trang 734)
1255,"Ho, tiêu đờm (đơn thuốc của trườ","Ho, tiêu đờm (đơn thuốc của trườ",Đỗ Tất Lợi (Trang 734)
1256,"Cam răng, miệng hôi","Cam răng, miệng hôi",Đỗ Tất Lợi (Trang 734)
1257,"Ho, nôn mửa,","Ho, nôn mửa,",Đỗ Tất Lợi (Trang 735)
1258,"Ho, viêm khí quản mãn tính","Ho, viêm khí quản mãn tính",Đỗ Tất Lợi (Trang 735)
1259,Đổ máu cam,Đổ máu cam,Đỗ Tất Lợi (Trang 735)
1260,Tim,Tim,Đỗ Tất Lợi (Trang 736)
1261,"Tìm đã biết,","Tìm đã biết,",Đỗ Tất Lợi (Trang 736)
1262,"Ho, ho có đờm,","Ho, ho có đờm,",Đỗ Tất Lợi (Trang 737)
1263,Các triệu trứng dau,Các triệu trứng dau,Đỗ Tất Lợi (Trang 737)
1264,"Viêm phế quản, các chứng ho","Viêm phế quản, các chứng ho",Đỗ Tất Lợi (Trang 737)
1265,"Ho lâu ngày, hen,","Ho lâu ngày, hen,",Đỗ Tất Lợi (Trang 739)
1266,"Sốt, cho ra mồ hôi, cảm mạo,","Sốt, cho ra mồ hôi, cảm mạo,",Đỗ Tất Lợi (Trang 739)
1267,Bệnh kém,Bệnh kém,Đỗ Tất Lợi (Trang 739)
1268,"Đau lưng,","Đau lưng,",Đỗ Tất Lợi (Trang 739)
1269,Đi đái nhiều,Đi đái nhiều,Đỗ Tất Lợi (Trang 739)
1270,Phong ôn biểu chứ,Phong ôn biểu chứ,Đỗ Tất Lợi (Trang 739)
1271,Gân,Gân,Đỗ Tất Lợi (Trang 740)
1272,"Phế nhiệt sinh ho, ho ra máu,","Phế nhiệt sinh ho, ho ra máu,",Đỗ Tất Lợi (Trang 740)
1273,Bệnh tiêu,Bệnh tiêu,Đỗ Tất Lợi (Trang 740)
1274,"Di tính,","Di tính,",Đỗ Tất Lợi (Trang 740)
1275,Ho ra máu,Ho ra máu,Đỗ Tất Lợi (Trang 740)
1276,Nôn ra mắu,Nôn ra mắu,Đỗ Tất Lợi (Trang 740)
1277,Tràng nhạc,Tràng nhạc,Đỗ Tất Lợi (Trang 740)
1278,Bệnh ho của trẻ,Bệnh ho của trẻ,Đỗ Tất Lợi (Trang 743)
1279,"Các bệnh kiết ly ra máu, làm thuốc bổ","Các bệnh kiết ly ra máu, làm thuốc bổ",Đỗ Tất Lợi (Trang 743)
1280,Di,Di,Đỗ Tất Lợi (Trang 743)
1281,Tiểu tiện,Tiểu tiện,Đỗ Tất Lợi (Trang 743)
1282,Đị ứng của bệnh viện việt-tiệp,Đị ứng của bệnh viện việt-tiệp,Đỗ Tất Lợi (Trang 745)
1283,"Ho \âu ngày, viêm khí","Ho \âu ngày, viêm khí",Đỗ Tất Lợi (Trang 745)
1284,"Đi ngoài, đi ly, thuốc bổ","Đi ngoài, đi ly, thuốc bổ",Đỗ Tất Lợi (Trang 745)
1285,Có vị núc nắc,Có vị núc nắc,Đỗ Tất Lợi (Trang 745)
1286,Lở loét do sơn ăn,Lở loét do sơn ăn,Đỗ Tất Lợi (Trang 745)
1287,"Ghẻ, chữa rận dươ","Ghẻ, chữa rận dươ",Đỗ Tất Lợi (Trang 746)
1288,Viêm,Viêm,Đỗ Tất Lợi (Trang 747)
1289,Nẻ vú,Nẻ vú,Đỗ Tất Lợi (Trang 747)
1290,"Hồi hộp, hay quên, hay sợ hãi, ho nhiều đờm,","Hồi hộp, hay quên, hay sợ hãi, ho nhiều đờm,",Đỗ Tất Lợi (Trang 749)
1291,Có viễn chí,Có viễn chí,Đỗ Tất Lợi (Trang 749)
1292,Trung phong cấm khẩu,Trung phong cấm khẩu,Đỗ Tất Lợi (Trang 751)
1293,"Mụn nhọt, đùng với liều 5-10g","Mụn nhọt, đùng với liều 5-10g",Đỗ Tất Lợi (Trang 751)
1294,Ác sang tiêu ung,Ác sang tiêu ung,Đỗ Tất Lợi (Trang 751)
1295,Bí đại tiện và không trung,Bí đại tiện và không trung,Đỗ Tất Lợi (Trang 751)
1296,Có bồ kết dùng tro,Có bồ kết dùng tro,Đỗ Tất Lợi (Trang 751)
1297,"Nhức răng, sâu răng","Nhức răng, sâu răng",Đỗ Tất Lợi (Trang 751)
1298,"Trẻ con chốc đầu, rụ","Trẻ con chốc đầu, rụ",Đỗ Tất Lợi (Trang 751)
1299,Đi ly lâu ngày,Đi ly lâu ngày,Đỗ Tất Lợi (Trang 751)
1300,Phụ nữ sưng vú,Phụ nữ sưng vú,Đỗ Tất Lợi (Trang 751)
1301,Bệnh đái đườ,Bệnh đái đườ,Đỗ Tất Lợi (Trang 752)
1302,Dùng mướp đăng dùng tro,Dùng mướp đăng dùng tro,Đỗ Tất Lợi (Trang 752)
1303,Bệnh của trám ghi trong,Bệnh của trám ghi trong,Đỗ Tất Lợi (Trang 753)
1304,Yết hầu sưng,Yết hầu sưng,Đỗ Tất Lợi (Trang 753)
1305,Cổ họng,Cổ họng,Đỗ Tất Lợi (Trang 753)
1306,Có thanh quả hay,Có thanh quả hay,Đỗ Tất Lợi (Trang 754)
1307,Hóc xương cá,Hóc xương cá,Đỗ Tất Lợi (Trang 754)
1308,Ngộ độc đo ăn phải cá độc,Ngộ độc đo ăn phải cá độc,Đỗ Tất Lợi (Trang 754)
1309,Cổ họng sư,Cổ họng sư,Đỗ Tất Lợi (Trang 754)
1310,Ách,Ách,Đỗ Tất Lợi (Trang 755)
1311,Có thị đế dùng trong nhân dân,Có thị đế dùng trong nhân dân,Đỗ Tất Lợi (Trang 755)
1312,Khác có những vị trên nhưng lại,Khác có những vị trên nhưng lại,Đỗ Tất Lợi (Trang 755)
1313,Nấc và đầy bụng khô,Nấc và đầy bụng khô,Đỗ Tất Lợi (Trang 755)
1314,"Ho nhiều đờm, viêm khí","Ho nhiều đờm, viêm khí",Đỗ Tất Lợi (Trang 756)
1315,Cá tử uyểễn,Cá tử uyểễn,Đỗ Tất Lợi (Trang 756)
1316,Chữa ho gà ở cao b[{@&¿¿4vnta§ -€918íáea và người lớn,Chữa ho gà ở cao b[{@&¿¿4vnta§ -€918íáea và người lớn,Đỗ Tất Lợi (Trang 757)
1317,Chữa viêm khí quản mãn tính (ho,Chữa viêm khí quản mãn tính (ho,Đỗ Tất Lợi (Trang 757)
1318,"Ho hoặc để xông, có thể dùng","Ho hoặc để xông, có thể dùng",Đỗ Tất Lợi (Trang 758)
1319,"Lao phổi, làm cho phổi mát","Lao phổi, làm cho phổi mát",Đỗ Tất Lợi (Trang 762)
1320,"Ho, hấp","Ho, hấp",Đỗ Tất Lợi (Trang 763)
1321,"Ho, viêm phế","Ho, viêm phế",Đỗ Tất Lợi (Trang 764)
1322,Có cóc mẫn dùng trong nhân dân,Có cóc mẫn dùng trong nhân dân,Đỗ Tất Lợi (Trang 765)
1323,Những bệnh về đườ,Những bệnh về đườ,Đỗ Tất Lợi (Trang 766)
1324,"Tà khí vào dạ dày, chứng","Tà khí vào dạ dày, chứng",Đỗ Tất Lợi (Trang 767)
1325,Có vị bạch cập dùng tro,Có vị bạch cập dùng tro,Đỗ Tất Lợi (Trang 767)
1326,Thổ huyết,Thổ huyết,Đỗ Tất Lợi (Trang 767)
1327,Bỏng lửa,Bỏng lửa,Đỗ Tất Lợi (Trang 767)
1328,"Những trường hợp đờm ho nhiệt, viếm phối,","Những trường hợp đờm ho nhiệt, viếm phối,",Đỗ Tất Lợi (Trang 771)
1329,"Phụ nữ có thai, ho đờm","Phụ nữ có thai, ho đờm",Đỗ Tất Lợi (Trang 772)
1330,"Đau răng và sâu răng, than hạt","Đau răng và sâu răng, than hạt",Đỗ Tất Lợi (Trang 772)
1331,"Ho, rau cải cúc cu","Ho, rau cải cúc cu",Đỗ Tất Lợi (Trang 773)
1332,Chữa ho cho trẻ em,Chữa ho cho trẻ em,Đỗ Tất Lợi (Trang 773)
1333,"Cảm cúm, sốt, ho sốt tiểu tiện ra máu, đưới","Cảm cúm, sốt, ho sốt tiểu tiện ra máu, đưới",Đỗ Tất Lợi (Trang 774)
1334,"Ho, đau họng,","Ho, đau họng,",Đỗ Tất Lợi (Trang 775)
1335,Viêm tai chảy mủ,Viêm tai chảy mủ,Đỗ Tất Lợi (Trang 775)
1336,"Ly, ìa chảy, nhân có tác dụng","Ly, ìa chảy, nhân có tác dụng",Đỗ Tất Lợi (Trang 778)
1337,Chữa rắn cắn có diép $/xn tan cp hi,Chữa rắn cắn có diép $/xn tan cp hi,Đỗ Tất Lợi (Trang 779)
1338,Cây si,Cây si,Đỗ Tất Lợi (Trang 779)
1339,"Đau nhức do ngã, bị thương ứ huyết","Đau nhức do ngã, bị thương ứ huyết",Đỗ Tất Lợi (Trang 780)
1340,"Ho khan, cổ họ","Ho khan, cổ họ",Đỗ Tất Lợi (Trang 781)
1341,Hen và lo,Hen và lo,Đỗ Tất Lợi (Trang 782)
1342,Hen và long đờm hoặc dùng riê,Hen và long đờm hoặc dùng riê,Đỗ Tất Lợi (Trang 782)
1343,"Bệnh tê thấp,","Bệnh tê thấp,",Đỗ Tất Lợi (Trang 783)
1344,Bệnh scocbut của trẻ em,Bệnh scocbut của trẻ em,Đỗ Tất Lợi (Trang 783)
1345,Cảm cúm; lá và búp non chanh giã nất đắp lên,Cảm cúm; lá và búp non chanh giã nất đắp lên,Đỗ Tất Lợi (Trang 784)
1346,Ho dưới đạng,Ho dưới đạng,Đỗ Tất Lợi (Trang 784)
1347,"Đau nhức, sưng đầu","Đau nhức, sưng đầu",Đỗ Tất Lợi (Trang 784)
1348,Có dâu,Có dâu,Đỗ Tất Lợi (Trang 784)
1349,Đau bụng,Đau bụng,Đỗ Tất Lợi (Trang 784)
1350,Bệnh tiêu khát (đái,Bệnh tiêu khát (đái,Đỗ Tất Lợi (Trang 785)
1351,Kinh nghiệm có trí mẫu,Kinh nghiệm có trí mẫu,Đỗ Tất Lợi (Trang 785)
1352,Viêm phổi,Viêm phổi,Đỗ Tất Lợi (Trang 785)
1353,Ïa chảy (do chất tanin) và,Ïa chảy (do chất tanin) và,Đỗ Tất Lợi (Trang 787)
1354,Ung thũng,Ung thũng,Đỗ Tất Lợi (Trang 789)
1355,Viêm đường tiết niệu và,Viêm đường tiết niệu và,Đỗ Tất Lợi (Trang 790)
1356,"Sốt, dịu cổ họng, lo","Sốt, dịu cổ họng, lo",Đỗ Tất Lợi (Trang 791)
1357,"Kém trí nhớ, hay","Kém trí nhớ, hay",Đỗ Tất Lợi (Trang 792)
1358,Có bạch quả dùng tro,Có bạch quả dùng tro,Đỗ Tất Lợi (Trang 792)
1359,"Cảm lạnh, ho có đờm, có khi thở suyễn,","Cảm lạnh, ho có đờm, có khi thở suyễn,",Đỗ Tất Lợi (Trang 792)
1360,"Dì đái luôn, tiểu tiện quá nhiều, tiểu","Dì đái luôn, tiểu tiện quá nhiều, tiểu",Đỗ Tất Lợi (Trang 792)
1361,Vàng,Vàng,Đỗ Tất Lợi (Trang 793)
1362,Những chứ,Những chứ,Đỗ Tất Lợi (Trang 795)
1363,Có khoản đô,Có khoản đô,Đỗ Tất Lợi (Trang 795)
1364,"Hen,","Hen,",Đỗ Tất Lợi (Trang 798)
1365,Mất,Mất,Đỗ Tất Lợi (Trang 800)
1366,Có lạc tiên,Có lạc tiên,Đỗ Tất Lợi (Trang 800)
1367,"Tim hồi hộp, mất","Tim hồi hộp, mất",Đỗ Tất Lợi (Trang 803)
1368,Ly cấm khẩu với,Ly cấm khẩu với,Đỗ Tất Lợi (Trang 803)
1369,"Di tỉnh, mất","Di tỉnh, mất",Đỗ Tất Lợi (Trang 803)
1370,"Tỳ hư sình tiết tả (ia chảy), đi mộ","Tỳ hư sình tiết tả (ia chảy), đi mộ",Đỗ Tất Lợi (Trang 803)
1371,Bệnh đi đại tiện ra,Bệnh đi đại tiện ra,Đỗ Tất Lợi (Trang 803)
1372,"Ứ huyết bụng đau, đẻ xong","Ứ huyết bụng đau, đẻ xong",Đỗ Tất Lợi (Trang 803)
1373,Băng huyết sau khi để,Băng huyết sau khi để,Đỗ Tất Lợi (Trang 803)
1374,"Thử thấp tiết tả,","Thử thấp tiết tả,",Đỗ Tất Lợi (Trang 803)
1375,"Băng huyết, thổ huyết, di mộ","Băng huyết, thổ huyết, di mộ",Đỗ Tất Lợi (Trang 803)
1376,Bàng lối,Bàng lối,Đỗ Tất Lợi (Trang 805)
1377,"Sốt, sát trùng, thông tiểu, an thản và","Sốt, sát trùng, thông tiểu, an thản và",Đỗ Tất Lợi (Trang 805)
1378,Lưng,Lưng,Đỗ Tất Lợi (Trang 805)
1379,Có vông nem,Có vông nem,Đỗ Tất Lợi (Trang 805)
1380,Các bệnh,Các bệnh,Đỗ Tất Lợi (Trang 805)
1381,Rằng sâu,Rằng sâu,Đỗ Tất Lợi (Trang 805)
1382,Viêm phế,Viêm phế,Đỗ Tất Lợi (Trang 806)
1383,Hư,Hư,Đỗ Tất Lợi (Trang 806)
1384,Mất!,Mất!,Đỗ Tất Lợi (Trang 806)
1385,Hen rất cá kế! quả,Hen rất cá kế! quả,Đỗ Tất Lợi (Trang 807)
1386,Huyết hư,Huyết hư,Đỗ Tất Lợi (Trang 808)
1387,Cảm mạo với,Cảm mạo với,Đỗ Tất Lợi (Trang 808)
1388,"Các bệnh hay quên, thần kinh kém, hay","Các bệnh hay quên, thần kinh kém, hay",Đỗ Tất Lợi (Trang 808)
1389,Có long nhãn và hạt nhân,Có long nhãn và hạt nhân,Đỗ Tất Lợi (Trang 808)
1390,"Các triệu chứng kém ăn, mất","Các triệu chứng kém ăn, mất",Đỗ Tất Lợi (Trang 808)
1391,Của,Của,Đỗ Tất Lợi (Trang 808)
1392,"Đau dạ đày do co thất và an thần, động","Đau dạ đày do co thất và an thần, động",Đỗ Tất Lợi (Trang 811)
1393,Các chứng phong nhiệt ở,Các chứng phong nhiệt ở,Đỗ Tất Lợi (Trang 814)
1394,Được,Được,Đỗ Tất Lợi (Trang 814)
1395,Chứng dạ,Chứng dạ,Đỗ Tất Lợi (Trang 814)
1396,"Sốt, chữa kinh giật, kinh phong,","Sốt, chữa kinh giật, kinh phong,",Đỗ Tất Lợi (Trang 814)
1397,"Lở, mắt","Lở, mắt",Đỗ Tất Lợi (Trang 814)
1398,"Đậu chẩn, phong chẩn, trẻ con kinh","Đậu chẩn, phong chẩn, trẻ con kinh",Đỗ Tất Lợi (Trang 814)
1399,"Cảm mạo, viêm khí","Cảm mạo, viêm khí",Đỗ Tất Lợi (Trang 814)
1400,"Sung huyết ở trên đầu và mặt, buốt","Sung huyết ở trên đầu và mặt, buốt",Đỗ Tất Lợi (Trang 814)
1401,"Phiền nhiệt,","Phiền nhiệt,",Đỗ Tất Lợi (Trang 815)
1402,Trẻ con bị kinh giật (an,Trẻ con bị kinh giật (an,Đỗ Tất Lợi (Trang 817)
1403,"Người lớn (rúng phong cấm khẩu, bệnh nhiệt hôn","Người lớn (rúng phong cấm khẩu, bệnh nhiệt hôn",Đỗ Tất Lợi (Trang 818)
1404,"Lao, chố","Lao, chố",Đỗ Tất Lợi (Trang 820)
1405,"Hoảng hốt, mất ngủ, ngủ hay mê, giật mình","Hoảng hốt, mất ngủ, ngủ hay mê, giật mình",Đỗ Tất Lợi (Trang 820)
1406,Các chứng hình (gân thịt co giật) và,Các chứng hình (gân thịt co giật) và,Đỗ Tất Lợi (Trang 820)
1407,Có chu sơ thần sa dàng tro,Có chu sơ thần sa dàng tro,Đỗ Tất Lợi (Trang 820)
1408,Di tỉnh,Di tỉnh,Đỗ Tất Lợi (Trang 820)
1409,"Được, có ý nói vị thuốc chữa được mọi","Được, có ý nói vị thuốc chữa được mọi",Đỗ Tất Lợi (Trang 821)
1410,Có nhân sảm trong đô,Có nhân sảm trong đô,Đỗ Tất Lợi (Trang 824)
1411,Trẻ con đổ mồ hôi,Trẻ con đổ mồ hôi,Đỗ Tất Lợi (Trang 825)
1412,"Tỳ hư, ăn khô","Tỳ hư, ăn khô",Đỗ Tất Lợi (Trang 829)
1413,Có đả,Có đả,Đỗ Tất Lợi (Trang 829)
1414,"Các chứng ho, sốt nóng, trong người khô, táo,","Các chứng ho, sốt nóng, trong người khô, táo,",Đỗ Tất Lợi (Trang 831)
1415,Có rễ althaea có thể áp dụ,Có rễ althaea có thể áp dụ,Đỗ Tất Lợi (Trang 832)
1416,Hơ dưới dạ,Hơ dưới dạ,Đỗ Tất Lợi (Trang 833)
1417,Bệnh tạ,Bệnh tạ,Đỗ Tất Lợi (Trang 834)
1418,"Sốt, miệng","Sốt, miệng",Đỗ Tất Lợi (Trang 834)
1419,Phế âm khô,Phế âm khô,Đỗ Tất Lợi (Trang 835)
1420,"Tử cung xuất huyết, kinh nguyệt không","Tử cung xuất huyết, kinh nguyệt không",Đỗ Tất Lợi (Trang 836)
1421,Bệnh về máu dùng cho,Bệnh về máu dùng cho,Đỗ Tất Lợi (Trang 836)
1422,"Ung thũng, đơn độc, mẩn","Ung thũng, đơn độc, mẩn",Đỗ Tất Lợi (Trang 836)
1423,"Phụ nữ kinh nguyệt không đêu, hoặc","Phụ nữ kinh nguyệt không đêu, hoặc",Đỗ Tất Lợi (Trang 837)
1424,"Cấc bệnh nhiệt, phiền khát, điên cuồng, yếu hầu","Cấc bệnh nhiệt, phiền khát, điên cuồng, yếu hầu",Đỗ Tất Lợi (Trang 838)
1425,Có huyền sâm,Có huyền sâm,Đỗ Tất Lợi (Trang 838)
1426,Đau đớn do bị,Đau đớn do bị,Đỗ Tất Lợi (Trang 839)
1427,Có tục đoạn dùng tro,Có tục đoạn dùng tro,Đỗ Tất Lợi (Trang 839)
1428,Động thai,Động thai,Đỗ Tất Lợi (Trang 839)
1429,Phụ nữ có thai 2-3 tháng mà độ,Phụ nữ có thai 2-3 tháng mà độ,Đỗ Tất Lợi (Trang 839)
1430,Ho dưới dạ,Ho dưới dạ,Đỗ Tất Lợi (Trang 842)
1431,Trên 3 lát gừng,Trên 3 lát gừng,Đỗ Tất Lợi (Trang 843)
1432,"Ly, sốt quá hoá","Ly, sốt quá hoá",Đỗ Tất Lợi (Trang 845)
1433,Có khổ sảm,Có khổ sảm,Đỗ Tất Lợi (Trang 845)
1434,"Ho, ho ra máu, thông","Ho, ho ra máu, thông",Đỗ Tất Lợi (Trang 847)
1435,"Bệnh mỏi một, biếng hoạt động","Bệnh mỏi một, biếng hoạt động",Đỗ Tất Lợi (Trang 847)
1436,Vế? thương,Vế? thương,Đỗ Tất Lợi (Trang 847)
1437,Đó,Đó,Đỗ Tất Lợi (Trang 851)
1438,"Bổ dùng cho người già yếu, thần","Bổ dùng cho người già yếu, thần",Đỗ Tất Lợi (Trang 852)
1439,Sống lại liên biếu cả,Sống lại liên biếu cả,Đỗ Tất Lợi (Trang 853)
1440,"Cảm sốt, cảm nắ","Cảm sốt, cảm nắ",Đỗ Tất Lợi (Trang 854)
1441,"Thương hàn ôn bênh, yết hầu sưng đau, huyết","Thương hàn ôn bênh, yết hầu sưng đau, huyết",Đỗ Tất Lợi (Trang 858)
1442,"Huyết hư, kinh","Huyết hư, kinh",Đỗ Tất Lợi (Trang 858)
1443,Bổ có sinh địa và thục địa,Bổ có sinh địa và thục địa,Đỗ Tất Lợi (Trang 858)
1444,Kinh ngọc cao (bài thuốc bổ của,Kinh ngọc cao (bài thuốc bổ của,Đỗ Tất Lợi (Trang 858)
1445,Hoàng liên viên (theo sách thiên,Hoàng liên viên (theo sách thiên,Đỗ Tất Lợi (Trang 858)
1446,Có hoàng tỉnh,Có hoàng tỉnh,Đỗ Tất Lợi (Trang 860)
1447,Táo,Táo,Đỗ Tất Lợi (Trang 861)
1448,U,U,Đỗ Tất Lợi (Trang 863)
1449,Ý đĩ trong đô,Ý đĩ trong đô,Đỗ Tất Lợi (Trang 863)
1450,Tiểu tiện ra sỏi,Tiểu tiện ra sỏi,Đỗ Tất Lợi (Trang 863)
1451,"Tả ly, lợi tiểu tiện, tiêu thủy thũng, chữa","Tả ly, lợi tiểu tiện, tiêu thủy thũng, chữa",Đỗ Tất Lợi (Trang 863)
1452,Thủy,Thủy,Đỗ Tất Lợi (Trang 863)
1453,"Chữa bệnh phổi, nôn ra máu","Chữa bệnh phổi, nôn ra máu",Đỗ Tất Lợi (Trang 863)
1454,Bổ chữa lao lực,Bổ chữa lao lực,Đỗ Tất Lợi (Trang 863)
1455,Chữa tê thấp,Chữa tê thấp,Đỗ Tất Lợi (Trang 863)
1456,"Di tỉnh, bạch","Di tỉnh, bạch",Đỗ Tất Lợi (Trang 864)
1457,"Thủy lục nhị tiên đơn, đùng chữa","Thủy lục nhị tiên đơn, đùng chữa",Đỗ Tất Lợi (Trang 864)
1458,Khỏi một trường hợp đi đái đường đã dùng,Khỏi một trường hợp đi đái đường đã dùng,Đỗ Tất Lợi (Trang 866)
1459,Tả ly lâu,Tả ly lâu,Đỗ Tất Lợi (Trang 866)
1460,"Chân tay yếu mỏi, mất mờ, đi mộ","Chân tay yếu mỏi, mất mờ, đi mộ",Đỗ Tất Lợi (Trang 868)
1461,Bổ chữa đi tỉnh,Bổ chữa đi tỉnh,Đỗ Tất Lợi (Trang 868)
1462,Có vị cốt bì tro,Có vị cốt bì tro,Đỗ Tất Lợi (Trang 868)
1463,"Bệnh liệt dương, di tỉnh, đau lưng, mỏi gối, tai","Bệnh liệt dương, di tỉnh, đau lưng, mỏi gối, tai",Đỗ Tất Lợi (Trang 869)
1464,Thận,Thận,Đỗ Tất Lợi (Trang 869)
1465,Có thỏ ty tử tro,Có thỏ ty tử tro,Đỗ Tất Lợi (Trang 869)
1466,"Chữa dì đái đêm, đi tỉnh","Chữa dì đái đêm, đi tỉnh",Đỗ Tất Lợi (Trang 869)
1467,Được di,Được di,Đỗ Tất Lợi (Trang 872)
1468,"Mụn nhọt, thô","Mụn nhọt, thô",Đỗ Tất Lợi (Trang 872)
1469,Có quả xộp,Có quả xộp,Đỗ Tất Lợi (Trang 872)
1470,"Các chứng đau xương, đau người","Các chứng đau xương, đau người",Đỗ Tất Lợi (Trang 872)
1471,"Di tỉnh, liệt dương","Di tỉnh, liệt dương",Đỗ Tất Lợi (Trang 872)
1472,"Đau lưng, đau","Đau lưng, đau",Đỗ Tất Lợi (Trang 872)
1473,Bệnh bạch,Bệnh bạch,Đỗ Tất Lợi (Trang 873)
1474,Bệnh kinh,Bệnh kinh,Đỗ Tất Lợi (Trang 873)
1475,Bệnh bạch biến (da bị trắng từ,Bệnh bạch biến (da bị trắng từ,Đỗ Tất Lợi (Trang 873)
1476,"Hủi, bệnh","Hủi, bệnh",Đỗ Tất Lợi (Trang 873)
1477,Chữa ho lao,Chữa ho lao,Đỗ Tất Lợi (Trang 873)
1478,"Chứng ho, mệt,","Chứng ho, mệt,",Đỗ Tất Lợi (Trang 874)
1479,Các chứng ngữ,Các chứng ngữ,Đỗ Tất Lợi (Trang 874)
1480,"Các chứng ho ra máu, đi","Các chứng ho ra máu, đi",Đỗ Tất Lợi (Trang 874)
1481,"Cả đau mắt, ho hen, bồi","Cả đau mắt, ho hen, bồi",Đỗ Tất Lợi (Trang 877)
1482,"Chân tay co quắp, lưng gối tê","Chân tay co quắp, lưng gối tê",Đỗ Tất Lợi (Trang 877)
1483,Cảm mạo,Cảm mạo,Đỗ Tất Lợi (Trang 877)
1484,"Dễ uống, trái lại đông y coi vị cam thảo có khá","Dễ uống, trái lại đông y coi vị cam thảo có khá",Đỗ Tất Lợi (Trang 882)
1485,Đau dạ dày lưu hành tại một tỉnh,Đau dạ dày lưu hành tại một tỉnh,Đỗ Tất Lợi (Trang 883)
1486,Bệnh đau da đày thí nghiệm xem ảnh,Bệnh đau da đày thí nghiệm xem ảnh,Đỗ Tất Lợi (Trang 883)
1487,Tỳ hư mà ia lỏ,Tỳ hư mà ia lỏ,Đỗ Tất Lợi (Trang 884)
1488,"Đau họng, u","Đau họng, u",Đỗ Tất Lợi (Trang 884)
1489,Bệnh adidơn (addison ` s) vì trong,Bệnh adidơn (addison ` s) vì trong,Đỗ Tất Lợi (Trang 884)
1490,Khỏi một trường,Khỏi một trường,Đỗ Tất Lợi (Trang 885)
1491,Loét dạ dày với liều,Loét dạ dày với liều,Đỗ Tất Lợi (Trang 885)
1492,Sốt quá hóa điên,Sốt quá hóa điên,Đỗ Tất Lợi (Trang 885)
1493,Các chứng mụn,Các chứng mụn,Đỗ Tất Lợi (Trang 885)
1494,"Nh đau mất hột, đau mắt thườ","Nh đau mất hột, đau mắt thườ",Đỗ Tất Lợi (Trang 887)
1495,"Nhức đầu tê thấp, tại ấn độ","Nhức đầu tê thấp, tại ấn độ",Đỗ Tất Lợi (Trang 887)
1496,"Sốt, chữa say sắn","Sốt, chữa say sắn",Đỗ Tất Lợi (Trang 888)
1497,Bệnh đi ïa lỏng và pha uố,Bệnh đi ïa lỏng và pha uố,Đỗ Tất Lợi (Trang 888)
1498,Triệu chứng axit (acidose) trong bệnh đái đường,Triệu chứng axit (acidose) trong bệnh đái đường,Đỗ Tất Lợi (Trang 888)
1499,"Ho, hơi thở hồn hển, ho khan, còn dùng","Ho, hơi thở hồn hển, ho khan, còn dùng",Đỗ Tất Lợi (Trang 891)
1500,Có ngũ vị tử trong nhân dân,Có ngũ vị tử trong nhân dân,Đỗ Tất Lợi (Trang 892)
1501,"Thận hư, tiểu tiện trắng đục, đau suốt","Thận hư, tiểu tiện trắng đục, đau suốt",Đỗ Tất Lợi (Trang 892)
1502,Phụ nữ ám môn giá lạnh,Phụ nữ ám môn giá lạnh,Đỗ Tất Lợi (Trang 892)
1503,"Bo lâu, phối viêm","Bo lâu, phối viêm",Đỗ Tất Lợi (Trang 892)
1504,Ho đờm và thở,Ho đờm và thở,Đỗ Tất Lợi (Trang 892)
1505,Bệnh scocbut,Bệnh scocbut,Đỗ Tất Lợi (Trang 893)
1506,Bệnh đái dường và chữa,Bệnh đái dường và chữa,Đỗ Tất Lợi (Trang 893)
1507,Có tới 80g sinh phụ tử phối,Có tới 80g sinh phụ tử phối,Đỗ Tất Lợi (Trang 896)
1508,"Mồ hôi toát ra nhiều quá, vong dương (mất","Mồ hôi toát ra nhiều quá, vong dương (mất",Đỗ Tất Lợi (Trang 896)
1509,"Phong hàn thấp tỳ, các khớp sư","Phong hàn thấp tỳ, các khớp sư",Đỗ Tất Lợi (Trang 896)
1510,“tứ nghịch thang” (phụ,“tứ nghịch thang” (phụ,Đỗ Tất Lợi (Trang 897)
1511,"Bán thân bất toại, chân tay co quắp, mụn","Bán thân bất toại, chân tay co quắp, mụn",Đỗ Tất Lợi (Trang 897)
1512,Một số triệu chứng,Một số triệu chứng,Đỗ Tất Lợi (Trang 897)
1513,Có ô đầu phụ tử,Có ô đầu phụ tử,Đỗ Tất Lợi (Trang 897)
1514,"Bệnh chân tay đau nhức, khớp xương sư","Bệnh chân tay đau nhức, khớp xương sư",Đỗ Tất Lợi (Trang 897)
1515,"Ho, tiêu đờm, bảo vệ phổi của kinh","Ho, tiêu đờm, bảo vệ phổi của kinh",Đỗ Tất Lợi (Trang 901)
1516,Đau lư,Đau lư,Đỗ Tất Lợi (Trang 901)
1517,"Chứng đau lưng, mỏi gối, tác","Chứng đau lưng, mỏi gối, tác",Đỗ Tất Lợi (Trang 901)
1518,"Hư lao sinh ho, ho ra máu, liệt","Hư lao sinh ho, ho ra máu, liệt",Đỗ Tất Lợi (Trang 901)
1519,Có đông trù,Có đông trù,Đỗ Tất Lợi (Trang 901)
1520,Người,Người,Đỗ Tất Lợi (Trang 901)
1521,Bệnh suy nhược của người già,Bệnh suy nhược của người già,Đỗ Tất Lợi (Trang 901)
1522,"Mụn nhọt, tiêu thũng, dùng trong","Mụn nhọt, tiêu thũng, dùng trong",Đỗ Tất Lợi (Trang 904)
1523,"Các vết loét,","Các vết loét,",Đỗ Tất Lợi (Trang 904)
1524,"Tê thấp, sư","Tê thấp, sư",Đỗ Tất Lợi (Trang 904)
1525,Có hạt gấc dùng trong nhân đân,Có hạt gấc dùng trong nhân đân,Đỗ Tất Lợi (Trang 904)
1526,Bệnh mao mạch dễ bị vỡ (đồn),Bệnh mao mạch dễ bị vỡ (đồn),Đỗ Tất Lợi (Trang 906)
1527,"Bệnh đậu không mọc được, chữa mọi bệnh","Bệnh đậu không mọc được, chữa mọi bệnh",Đỗ Tất Lợi (Trang 906)
1528,Những trường hợp lở,Những trường hợp lở,Đỗ Tất Lợi (Trang 906)
1529,Biểu hư sinh ra mồ,Biểu hư sinh ra mồ,Đỗ Tất Lợi (Trang 906)
1530,Có hoà,Có hoà,Đỗ Tất Lợi (Trang 906)
1531,Cổ,Cổ,Đỗ Tất Lợi (Trang 906)
1532,"Toàn thân suy nhược, chân tay","Toàn thân suy nhược, chân tay",Đỗ Tất Lợi (Trang 906)
1533,"Cơ thể suy nhược, nhiều mồ hôi (ghí","Cơ thể suy nhược, nhiều mồ hôi (ghí",Đỗ Tất Lợi (Trang 906)
1534,"Đau lưng đau mình, kinh nguyệt","Đau lưng đau mình, kinh nguyệt",Đỗ Tất Lợi (Trang 908)
1535,Những chứng,Những chứng,Đỗ Tất Lợi (Trang 909)
1536,Bệnh về thân kinh với những triệu chứ,Bệnh về thân kinh với những triệu chứ,Đỗ Tất Lợi (Trang 910)
1537,Có kim anh dùng trong đô,Có kim anh dùng trong đô,Đỗ Tất Lợi (Trang 911)
1538,Ly lâu ngày,Ly lâu ngày,Đỗ Tất Lợi (Trang 911)
1539,"Ho, trừ đờm, làm thuốc bổ, tu","Ho, trừ đờm, làm thuốc bổ, tu",Đỗ Tất Lợi (Trang 913)
1540,5 chứ,5 chứ,Đỗ Tất Lợi (Trang 913)
1541,Bệnh ngoài da,Bệnh ngoài da,Đỗ Tất Lợi (Trang 914)
1542,Trong nhân dân có vị hồ đào,Trong nhân dân có vị hồ đào,Đỗ Tất Lợi (Trang 914)
1543,"Chữa người già yếu, ho, thở, ngủ","Chữa người già yếu, ho, thở, ngủ",Đỗ Tất Lợi (Trang 914)
1544,Trẻ con chốc đầu,Trẻ con chốc đầu,Đỗ Tất Lợi (Trang 914)
1545,Khí hư,Khí hư,Đỗ Tất Lợi (Trang 914)
1546,"Ho, nhuận tràng","Ho, nhuận tràng",Đỗ Tất Lợi (Trang 915)
1547,"Bệnh cao huyết áp, mạch máu bị xơ","Bệnh cao huyết áp, mạch máu bị xơ",Đỗ Tất Lợi (Trang 917)
1548,"Đau nhức thấp khớp, đau lưng, viêm","Đau nhức thấp khớp, đau lưng, viêm",Đỗ Tất Lợi (Trang 919)
1549,Có cát sâm dàng trong nhân dân,Có cát sâm dàng trong nhân dân,Đỗ Tất Lợi (Trang 919)
1550,"Sốt, khát nước","Sốt, khát nước",Đỗ Tất Lợi (Trang 919)
1551,"Rắn độc cắn, xườ","Rắn độc cắn, xườ",Đỗ Tất Lợi (Trang 920)
1552,Có vị cô,Có vị cô,Đỗ Tất Lợi (Trang 920)
1553,Đau đầu,Đau đầu,Đỗ Tất Lợi (Trang 921)
1554,"Liệt đương, ít tỉnh dịch với liêu 4 đến","Liệt đương, ít tỉnh dịch với liêu 4 đến",Đỗ Tất Lợi (Trang 923)
1555,Có đâm đương hoắc,Có đâm đương hoắc,Đỗ Tất Lợi (Trang 923)
1556,Lờ ngứa,Lờ ngứa,Đỗ Tất Lợi (Trang 924)
1557,Tỳ hư sinh,Tỳ hư sinh,Đỗ Tất Lợi (Trang 926)
1558,Có đại táo,Có đại táo,Đỗ Tất Lợi (Trang 926)
1559,"Táo bón, với liêu 4-6g","Táo bón, với liêu 4-6g",Đỗ Tất Lợi (Trang 927)
1560,"Đau lưng, đau người, nhuận trà","Đau lưng, đau người, nhuận trà",Đỗ Tất Lợi (Trang 927)
1561,"Ho, trĩ, vàng da, đi ïa lỏng, đau bụ","Ho, trĩ, vàng da, đi ïa lỏng, đau bụ",Đỗ Tất Lợi (Trang 927)
1562,Có sâm cau dùng trong nhán dân,Có sâm cau dùng trong nhán dân,Đỗ Tất Lợi (Trang 927)
1563,"Di tỉnh, tiểu tiện ra tỉnh dịch, tiểu tiện","Di tỉnh, tiểu tiện ra tỉnh dịch, tiểu tiện",Đỗ Tất Lợi (Trang 929)
1564,/ực vị hay lực,/ực vị hay lực,Đỗ Tất Lợi (Trang 929)
1565,Đau xương óc,Đau xương óc,Đỗ Tất Lợi (Trang 929)
1566,"Đau xương,","Đau xương,",Đỗ Tất Lợi (Trang 931)
1567,Có cây vú bò dùng trong nhân dân,Có cây vú bò dùng trong nhân dân,Đỗ Tất Lợi (Trang 932)
1568,"Dây trướng, không tiêu, mặt vàng, kém","Dây trướng, không tiêu, mặt vàng, kém",Đỗ Tất Lợi (Trang 932)
1569,Sốt và chữa bệnh,Sốt và chữa bệnh,Đỗ Tất Lợi (Trang 945)
1570,Có vỏ dựa hấu,Có vỏ dựa hấu,Đỗ Tất Lợi (Trang 947)
1571,Đái đườ,Đái đườ,Đỗ Tất Lợi (Trang 950)
1572,"Phát nóng, sư","Phát nóng, sư",Đỗ Tất Lợi (Trang 950)
1573,Có nhục thung dung dù,Có nhục thung dung dù,Đỗ Tất Lợi (Trang 951)
1574,Suy,Suy,Đỗ Tất Lợi (Trang 951)
1575,Sang thương thũng độc; cao ban,Sang thương thũng độc; cao ban,Đỗ Tất Lợi (Trang 957)
1576,Có lộc nhung dùng tro,Có lộc nhung dùng tro,Đỗ Tất Lợi (Trang 957)
1577,"Liệt dương, tiểu tiện vặt, sắc mặt","Liệt dương, tiểu tiện vặt, sắc mặt",Đỗ Tất Lợi (Trang 957)
1578,Các triệu trứng tỉnh huyết khô kiệt,Các triệu trứng tỉnh huyết khô kiệt,Đỗ Tất Lợi (Trang 957)
1579,Bệnh liệt đươ,Bệnh liệt đươ,Đỗ Tất Lợi (Trang 958)
1580,Khớp xương bị,Khớp xương bị,Đỗ Tất Lợi (Trang 959)
1581,Có lộc giác và lộc giác sương dùng,Có lộc giác và lộc giác sương dùng,Đỗ Tất Lợi (Trang 959)
1582,Nhọi mọc ở sau lư,Nhọi mọc ở sau lư,Đỗ Tất Lợi (Trang 959)
1583,Gân xương đau nhức,Gân xương đau nhức,Đỗ Tất Lợi (Trang 959)
1584,"Ho, ho khan, ho","Ho, ho khan, ho",Đỗ Tất Lợi (Trang 961)
1585,Các trường hợp không,Các trường hợp không,Đỗ Tất Lợi (Trang 961)
1586,"Hư lao sinh ho, phế u","Hư lao sinh ho, phế u",Đỗ Tất Lợi (Trang 963)
1587,Có vị a giao,Có vị a giao,Đỗ Tất Lợi (Trang 963)
1588,Kinh nguyệt ra mãi không ngừ,Kinh nguyệt ra mãi không ngừ,Đỗ Tất Lợi (Trang 963)
1589,Ly ra máu,Ly ra máu,Đỗ Tất Lợi (Trang 963)
1590,Đi ïa lỏ,Đi ïa lỏ,Đỗ Tất Lợi (Trang 963)
1591,Cổ không chia,Cổ không chia,Đỗ Tất Lợi (Trang 965)
1592,"Bệnh nam giới, của con","Bệnh nam giới, của con",Đỗ Tất Lợi (Trang 965)
1593,"Các bệnh lao lực, gầy còm, ho nhiều,","Các bệnh lao lực, gầy còm, ho nhiều,",Đỗ Tất Lợi (Trang 966)
1594,Bệnh mùa hạ thêm 7 đồng,Bệnh mùa hạ thêm 7 đồng,Đỗ Tất Lợi (Trang 966)
1595,Có cá ngựa,Có cá ngựa,Đỗ Tất Lợi (Trang 967)
1596,Có huyết lình dùng tro,Có huyết lình dùng tro,Đỗ Tất Lợi (Trang 968)
1597,Này cồn dùng cho phụ nữ sau khi,Này cồn dùng cho phụ nữ sau khi,Đỗ Tất Lợi (Trang 968)
1598,"Hen, lao phổi và cườ","Hen, lao phổi và cườ",Đỗ Tất Lợi (Trang 970)
1599,Các chứng ho có đờm hay không có,Các chứng ho có đờm hay không có,Đỗ Tất Lợi (Trang 970)
1600,"Suy nhược thần kinh,","Suy nhược thần kinh,",Đỗ Tất Lợi (Trang 971)
1601,"Chữa ho, nặng mặt, nặ","Chữa ho, nặng mặt, nặ",Đỗ Tất Lợi (Trang 971)
1602,"Chữa bệnh bo lao,","Chữa bệnh bo lao,",Đỗ Tất Lợi (Trang 971)
1603,Bệnh cảm lạnh (uống mật,Bệnh cảm lạnh (uống mật,Đỗ Tất Lợi (Trang 974)
1604,Những bệnh nhân,Những bệnh nhân,Đỗ Tất Lợi (Trang 974)
1605,"Tỳ vị hư nhược,","Tỳ vị hư nhược,",Đỗ Tất Lợi (Trang 974)
1606,"Lở miệng, vết thươ","Lở miệng, vết thươ",Đỗ Tất Lợi (Trang 974)
1607,Chữa loét dạ dày và tả tràng,Chữa loét dạ dày và tả tràng,Đỗ Tất Lợi (Trang 974)
1608,"Chữa cao huyết áp, táo bón","Chữa cao huyết áp, táo bón",Đỗ Tất Lợi (Trang 974)
1609,"Bệnh, liều độc so với liều","Bệnh, liều độc so với liều",Đỗ Tất Lợi (Trang 976)
1610,"Kinh giản, cổ họng","Kinh giản, cổ họng",Đỗ Tất Lợi (Trang 981)
1611,Có bạch cươ,Có bạch cươ,Đỗ Tất Lợi (Trang 981)
1612,Mặt đen sạm,Mặt đen sạm,Đỗ Tất Lợi (Trang 981)
1613,"Trẻ em kinh phong,","Trẻ em kinh phong,",Đỗ Tất Lợi (Trang 982)
1614,"Kinh giản, phá","Kinh giản, phá",Đỗ Tất Lợi (Trang 982)
1615,Có bọ cạp,Có bọ cạp,Đỗ Tất Lợi (Trang 982)
1616,Bệnh cho trẻ con như sau,Bệnh cho trẻ con như sau,Đỗ Tất Lợi (Trang 983)
1617,Tím có trong lá dương địa hoàng d,Tím có trong lá dương địa hoàng d,Đỗ Tất Lợi (Trang 983)
1618,Tim trong đương địa hoàng (d,Tim trong đương địa hoàng (d,Đỗ Tất Lợi (Trang 985)
1619,"Các bệnh chó dại,","Các bệnh chó dại,",Đỗ Tất Lợi (Trang 985)
1620,Có thịt cóc và nhựa cúc dù,Có thịt cóc và nhựa cúc dù,Đỗ Tất Lợi (Trang 985)
1621,Sốt nặng trú,Sốt nặng trú,Đỗ Tất Lợi (Trang 985)
1622,Cam các chữa suy định đưỡng (do,Cam các chữa suy định đưỡng (do,Đỗ Tất Lợi (Trang 985)
1623,"Trẻ cơn bị suy dinh dưỡng, gầy","Trẻ cơn bị suy dinh dưỡng, gầy",Đỗ Tất Lợi (Trang 986)
1624,Những bệnh về mắt,Những bệnh về mắt,Đỗ Tất Lợi (Trang 987)
1625,"Trẻ con cam tích, kinh","Trẻ con cam tích, kinh",Đỗ Tất Lợi (Trang 987)
1626,"Có dạ mình sơ, dụng trong đô","Có dạ mình sơ, dụng trong đô",Đỗ Tất Lợi (Trang 987)
1627,"Thong manh, quáng","Thong manh, quáng",Đỗ Tất Lợi (Trang 987)
1628,Trở con quảng gà,Trở con quảng gà,Đỗ Tất Lợi (Trang 987)
1629,"Thủy thũng,","Thủy thũng,",Đỗ Tất Lợi (Trang 987)
1630,Có con dế dùng tro,Có con dế dùng tro,Đỗ Tất Lợi (Trang 987)
1631,Tiểu tiện khó khăn,Tiểu tiện khó khăn,Đỗ Tất Lợi (Trang 987)
1632,Khác,Khác,Đỗ Tất Lợi (Trang 988)
1633,"Mụn nhọt sưng đau, ghẻ lở, phỏng","Mụn nhọt sưng đau, ghẻ lở, phỏng",Đỗ Tất Lợi (Trang 989)
1634,Dùng nước bọt tro,Dùng nước bọt tro,Đỗ Tất Lợi (Trang 989)
1635,Lại khô,Lại khô,Đỗ Tất Lợi (Trang 990)
1636,Nhọt sưng,Nhọt sưng,Đỗ Tất Lợi (Trang 990)
1637,Mụn hạt,Mụn hạt,Đỗ Tất Lợi (Trang 990)
1638,Khỏi bằ,Khỏi bằ,Đỗ Tất Lợi (Trang 990)
1639,Bằng tàn,Bằng tàn,Đỗ Tất Lợi (Trang 990)
1640,Kiểu này phải,Kiểu này phải,Đỗ Tất Lợi (Trang 990)
1641,Hàn,Hàn,Đỗ Tất Lợi (Trang 991)
1642,Có nước tiểu dùng tro,Có nước tiểu dùng tro,Đỗ Tất Lợi (Trang 991)
1643,Sưng mộng răng chảy máu,Sưng mộng răng chảy máu,Đỗ Tất Lợi (Trang 991)
1644,Chạy,Chạy,Đỗ Tất Lợi (Trang 992)
1645,"Cho bộ đội, nhiêu người khô","Cho bộ đội, nhiêu người khô",Đỗ Tất Lợi (Trang 992)
1646,"Gia truyền như vậy, chúng tôi","Gia truyền như vậy, chúng tôi",Đỗ Tất Lợi (Trang 992)
1647,Còn lưu lại đến ta,Còn lưu lại đến ta,Đỗ Tất Lợi (Trang 992)
1648,Bệnh của phân người,Bệnh của phân người,Đỗ Tất Lợi (Trang 992)
1649,Một số bệnh hiểm,Một số bệnh hiểm,Đỗ Tất Lợi (Trang 992)
1650,Được bệnh dịch và người,Được bệnh dịch và người,Đỗ Tất Lợi (Trang 992)
1651,Cốt chưng lao phục (trong xương đau,Cốt chưng lao phục (trong xương đau,Đỗ Tất Lợi (Trang 992)
1652,Chữa,Chữa,Đỗ Tất Lợi (Trang 992)
1653,"Ngộ độc sắn, khoai và nấm độc trong","Ngộ độc sắn, khoai và nấm độc trong",Đỗ Tất Lợi (Trang 992)
1654,"Ngộ độc nem, thịr thì đốt phân thành","Ngộ độc nem, thịr thì đốt phân thành",Đỗ Tất Lợi (Trang 992)
1655,Sốt trong,Sốt trong,Đỗ Tất Lợi (Trang 994)
1656,"Sốt rét, chữa sốt ho hen do tác","Sốt rét, chữa sốt ho hen do tác",Đỗ Tất Lợi (Trang 995)
1657,Bệnh nhiệt phát cuồ,Bệnh nhiệt phát cuồ,Đỗ Tất Lợi (Trang 995)
1658,Có giun đất dùng tro,Có giun đất dùng tro,Đỗ Tất Lợi (Trang 995)
1659,Này đùng chữa những trường,Này đùng chữa những trường,Đỗ Tất Lợi (Trang 995)
1660,Gồm các vị,Gồm các vị,Đỗ Tất Lợi (Trang 995)
1661,“thần được cứu mệnh” do lương y,“thần được cứu mệnh” do lương y,Đỗ Tất Lợi (Trang 995)
1662,Này xuất hiện gần như,Này xuất hiện gần như,Đỗ Tất Lợi (Trang 995)
1663,Chỉ gồm có 3 vị,Chỉ gồm có 3 vị,Đỗ Tất Lợi (Trang 995)
1664,"""thần","""thần",Đỗ Tất Lợi (Trang 995)
1665,“bổ đương hoàn ngũ thang” còn phải,“bổ đương hoàn ngũ thang” còn phải,Đỗ Tất Lợi (Trang 995)
1666,Bệnh gặp,Bệnh gặp,Đỗ Tất Lợi (Trang 998)
1667,Bệnh yếu xươ,Bệnh yếu xươ,Đỗ Tất Lợi (Trang 998)
1668,Có miết giáp,Có miết giáp,Đỗ Tất Lợi (Trang 1003)
1669,Này còn dù,Này còn dù,Đỗ Tất Lợi (Trang 1003)
1670,Có nhân trung bạch dù,Có nhân trung bạch dù,Đỗ Tất Lợi (Trang 1004)
1671,Chảy máu,Chảy máu,Đỗ Tất Lợi (Trang 1004)
1672,Nha cam tẩu mã,Nha cam tẩu mã,Đỗ Tất Lợi (Trang 1004)
1673,"Tử cung xuất huyết, đau bu","Tử cung xuất huyết, đau bu",Đỗ Tất Lợi (Trang 1005)
1674,Những u ác tính (tn-meur,Những u ác tính (tn-meur,Đỗ Tất Lợi (Trang 1010)
1675,"Ung thư, đặc biệt đù","Ung thư, đặc biệt đù",Đỗ Tất Lợi (Trang 1010)
1676,Hội nói trên trong nhân dân,Hội nói trên trong nhân dân,Đỗ Tất Lợi (Trang 1011)
1677,Rắn cắn phối hợp với những,Rắn cắn phối hợp với những,Đỗ Tất Lợi (Trang 1011)
1678,Những bệnh thần kinh đau,Những bệnh thần kinh đau,Đỗ Tất Lợi (Trang 1011)
1679,"Nhợt độc, bị cảm trợn mắt miệng méo (kinh","Nhợt độc, bị cảm trợn mắt miệng méo (kinh",Đỗ Tất Lợi (Trang 1011)
1680,"Ho, đau lư","Ho, đau lư",Đỗ Tất Lợi (Trang 1011)
1681,Những chứng kinh nguy,Những chứng kinh nguy,Đỗ Tất Lợi (Trang 1011)
1682,"Thấp khớp, viêm cơ","Thấp khớp, viêm cơ",Đỗ Tất Lợi (Trang 1012)
1683,Rượu rắn của cửa hà,Rượu rắn của cửa hà,Đỗ Tất Lợi (Trang 1012)
1684,Chân tay,Chân tay,Đỗ Tất Lợi (Trang 1012)
1685,"Tê liệt, đau thấp khớp","Tê liệt, đau thấp khớp",Đỗ Tất Lợi (Trang 1012)
1686,"Mê sảng của bệnh thương hàn, sư","Mê sảng của bệnh thương hàn, sư",Đỗ Tất Lợi (Trang 1014)
1687,"Lục thần hoàn, nhân","Lục thần hoàn, nhân",Đỗ Tất Lợi (Trang 1015)
1688,Thai chết không ra được,Thai chết không ra được,Đỗ Tất Lợi (Trang 1015)
1689,"Ho lâu, di tính, bạch đới, khí hư, chân tay,","Ho lâu, di tính, bạch đới, khí hư, chân tay,",Đỗ Tất Lợi (Trang 1018)
1690,"Ly kinh niên, sốt rét lâu ngày,","Ly kinh niên, sốt rét lâu ngày,",Đỗ Tất Lợi (Trang 1018)
1691,Thận âm,Thận âm,Đỗ Tất Lợi (Trang 1018)
1692,Bổ chữa bệnh ho lâu ngày,Bổ chữa bệnh ho lâu ngày,Đỗ Tất Lợi (Trang 1019)
1693,Chữa sốt rét lâu ngày,Chữa sốt rét lâu ngày,Đỗ Tất Lợi (Trang 1019)
1694,"Phong thấp, khớp đau, ngoài da tê, lưng, chân","Phong thấp, khớp đau, ngoài da tê, lưng, chân",Đỗ Tất Lợi (Trang 1019)
1695,Bán thân bất toại,Bán thân bất toại,Đỗ Tất Lợi (Trang 1019)
1696,"Đi đái ra đường, miệng khô khái","Đi đái ra đường, miệng khô khái",Đỗ Tất Lợi (Trang 1019)
1697,Này còn,Này còn,Đỗ Tất Lợi (Trang 1019)
1698,Có tê,Có tê,Đỗ Tất Lợi (Trang 1021)
1699,"Các chứng thổ huyết, máu cam, sốt nóng","Các chứng thổ huyết, máu cam, sốt nóng",Đỗ Tất Lợi (Trang 1021)
1700,"Sốt, giải độc","Sốt, giải độc",Đỗ Tất Lợi (Trang 1021)
1701,Đau các khớp,Đau các khớp,Đỗ Tất Lợi (Trang 1023)
1702,Bệnh tràng nhạc (lao hạch) bằng cách bắt,Bệnh tràng nhạc (lao hạch) bằng cách bắt,Đỗ Tất Lợi (Trang 1023)
1703,"Các chứng ly, sa","Các chứng ly, sa",Đỗ Tất Lợi (Trang 1023)
1704,Những bệnh mụn nhọt lở loét lâu ngày,Những bệnh mụn nhọt lở loét lâu ngày,Đỗ Tất Lợi (Trang 1025)
1705,Kim sa,Kim sa,Đỗ Tất Lợi (Trang 1025)
1706,"Các chứng hôi hộp, lo sợ, sốt quá hóa","Các chứng hôi hộp, lo sợ, sốt quá hóa",Đỗ Tất Lợi (Trang 1025)
1707,Có xuyên sơn giáp tra,Có xuyên sơn giáp tra,Đỗ Tất Lợi (Trang 1026)
1708,"Đau lưng, suy nhược","Đau lưng, suy nhược",Đỗ Tất Lợi (Trang 1027)
1709,Theo các,Theo các,Đỗ Tất Lợi (Trang 1030)
1710,Trong đó có sử,Trong đó có sử,Đỗ Tất Lợi (Trang 1032)
1711,Mắt đỏ kéo mà,Mắt đỏ kéo mà,Đỗ Tất Lợi (Trang 1032)
1712,"Họng mọc mụn, sưng tê (nhũ","Họng mọc mụn, sưng tê (nhũ",Đỗ Tất Lợi (Trang 1032)
1713,"Cửa mình sưng cứng như đá, dau đớn","Cửa mình sưng cứng như đá, dau đớn",Đỗ Tất Lợi (Trang 1032)
1714,Trẻ con đờm đãi ủ,Trẻ con đờm đãi ủ,Đỗ Tất Lợi (Trang 1032)
1715,Không nói rõ liều lượng cho,Không nói rõ liều lượng cho,Đỗ Tất Lợi (Trang 1032)
1716,"Kịp thời, đến ngày thứ 2,","Kịp thời, đến ngày thứ 2,",Đỗ Tất Lợi (Trang 1032)
1717,"Thận đương suy nhược, liệt dương, dì tình,","Thận đương suy nhược, liệt dương, dì tình,",Đỗ Tất Lợi (Trang 1034)
1718,"Nghẹn,","Nghẹn,",Đỗ Tất Lợi (Trang 1034)
1719,"Phụ nữ sau khi đẻ xong suy yếu,","Phụ nữ sau khi đẻ xong suy yếu,",Đỗ Tất Lợi (Trang 1036)
1720,Choáng vá,Choáng vá,Đỗ Tất Lợi (Trang 1036)
1721,"Ho lao,","Ho lao,",Đỗ Tất Lợi (Trang 1036)
1722,Có nhữ,Có nhữ,Đỗ Tất Lợi (Trang 1036)
1723,"Thiếu máu, hay đau","Thiếu máu, hay đau",Đỗ Tất Lợi (Trang 1036)
1724,Đau nhức xương,Đau nhức xương,Đỗ Tất Lợi (Trang 1036)
1725,"Sốt, tiêu u","Sốt, tiêu u",Đỗ Tất Lợi (Trang 1038)
1726,"Động kinh, cù","Động kinh, cù",Đỗ Tất Lợi (Trang 1039)
1727,Những trường hợp trĩ lòi dom chảy,Những trường hợp trĩ lòi dom chảy,Đỗ Tất Lợi (Trang 1040)
1728,Lòi dom chảy máu,Lòi dom chảy máu,Đỗ Tất Lợi (Trang 1040)
1729,"Hoa mắt, choáng vá","Hoa mắt, choáng vá",Đỗ Tất Lợi (Trang 1042)
1730,Ro,Ro,Đỗ Tất Lợi (Trang 1045)
1731,Những trường hợp máu,Những trường hợp máu,Đỗ Tất Lợi (Trang 1047)
1732,Những chứng cam tích,Những chứng cam tích,Đỗ Tất Lợi (Trang 1049)
1733,Có phản quy dùng trong nhân dân,Có phản quy dùng trong nhân dân,Đỗ Tất Lợi (Trang 1049)
1734,"Bệnh phổi), người ta thấy hoạt","Bệnh phổi), người ta thấy hoạt",Đỗ Tất Lợi (Trang 1050)
1735,"Hen suyễn, đau bụ","Hen suyễn, đau bụ",Đỗ Tất Lợi (Trang 1050)
